"Story_ID","ISO-3361","Country_Name","Demonym","Story","Prompt","Date","GPT_Model","Temperature"
"XX_1","XX","Default","Default","**Title: The Echoes of Elysium**

**Part 1: The Arrival**

The sun hung low in the sky, casting golden hues over the rugged landscape of Elysium, a mythical island that whispered promises of adventure and ancient secrets. For centuries, tales of its beauty and wonder had lured countless explorers, but few returned to tell their stories. It was said that Elysium was a place where time twisted and turned, where dreams intermingled with reality.

A young cartographer named Elara stood at the edge of a rocky cliff, her heart pounding with anticipation. She had spent years studying maps and historical accounts, piecing together clues about the island’s whereabouts. Now, after a treacherous sea voyage, she had finally arrived. The air was thick with the scent of salt and wildflowers, intoxicating and mysterious.

Elara wasn't just searching for the island; she was searching for herself. After a lifetime of feeling like a mere shadow in her father’s legacy—an esteemed explorer who had vanished while seeking Elysium—she was determined to uncover the truth of his disappearance and carve her own path.

As she descended the cliffside, the sound of crashing waves and the distant call of seabirds filled her ears. She navigated the rocky terrain with care, her eyes scanning the horizon for signs of life. It wasn’t long before she stumbled upon a small cove, where crystal-clear waters lapped against smooth pebbles. Here, the island revealed its first secret: an ancient stone tablet half-buried in the sand, adorned with intricate carvings.

Elara knelt beside it, brushing away the grains of sand. The symbols were unfamiliar yet oddly compelling. She felt a surge of energy as her fingers traced the grooves, igniting her curiosity. This was no ordinary island; it was alive with stories waiting to be uncovered.

**Part 2: The Encounter**

As daylight faded into a twilight glow, Elara set up camp near the cove, her heart racing with the possibilities that lay ahead. She lit a small fire and, while it crackled, she studied her surroundings. The island was a canvas painted with vibrant colors, lush foliage, and towering cliffs. Yet, there was an undeniable sense of isolation.

The night deepened, and just as Elara was about to succumb to sleep, a rustling sound drew her attention. Her instincts kicked in, and she reached for her lantern, illuminating the area. To her astonishment, a figure emerged from the shadows—a tall, ethereal woman with cascading hair that shimmered like moonlight and eyes that glowed with an otherworldly intensity.

“Do not be afraid,” the woman spoke, her voice melodic and soothing. “I am Lyra, guardian of Elysium.”

Elara's breath hitched in her throat. She had heard whispers of guardians, mythical beings who protected the island’s secrets, but she never imagined she would encounter one. “I’m Elara,” she managed, her voice trembling. “I’m here to find my father.”

Lyra tilted her head, studying Elara with a curious gaze. “Your father sought the heart of this island, but he ventured too far into the depths. Elysium tests those who seek its truth. Are you ready for the trials?”

Elara felt a mixture of fear and excitement. “What kind of trials?”

“The trials of the heart, mind, and spirit,” Lyra explained. “Only by overcoming them can you uncover the truth of Elysium and your father’s fate.”

Determined, Elara nodded. “I’m ready.”

**Part 3: The Trials Begin**

The first trial took place at dawn, as golden rays broke through the horizon. Lyra led Elara to a clearing where a massive tree stood, its branches sprawling like the arms of the earth beckoning her closer. The air was thick with the scent of jasmine and the sound of rustling leaves. 

“Your first task is to confront your deepest fear,” Lyra instructed as she stepped back, her presence fading into the background. The moment Lyra disappeared, the world around Elara shifted. The once serene clearing morphed into a dark forest, filled with echoes of her childhood—a time when her father would often tell her stories of bravery and adventure.

Suddenly, she saw a shadow lurking in the distance, the silhouette of a man she recognized. Her heart raced. “Father?” she called out, her voice trembling.

The figure turned, revealing a gaunt face etched with sorrow. “Elara,” he said, “you should not have come here.”

“Why did you leave me?” she shouted, her voice breaking. “Why did you abandon me?”

The shadows shifted, and in a whirlwind of emotions, she felt the weight of her father’s legacy—a burden she had carried for too long. “I didn’t abandon you,” he replied, his voice echoing in the darkness. “I sought what I believed to be the truth, but I lost myself along the way.”

Elara felt a surge of anger and sadness. “You could have taken me with you.”

“I thought it was for your own good,” he said, vanishing into the darkness.

With a fierce determination, Elara stomped her foot, breaking the illusion. The forest faded away, replaced by the clearing once more. She realized her fear was not about her father leaving; it was about being left behind. 

Lyra reappeared, a knowing smile gracing her lips. “You have faced your fear and emerged stronger. The next trial awaits.”

**Part 4: The Trial of the Mind**

The second trial took place in the heart of a labyrinth—a structure woven from vines and stones, shifting as Elara navigated its twisting paths. The air was thick with tension, and she could hear whispers echoing around her, taunting her doubts and insecurities.

“Are you truly worthy of your father’s legacy?” a voice hissed from the shadows. “You are just a mere cartographer, lost in dreams.”

Elara paused, her heart racing. “I am more than that,” she declared, refusing to succumb to the voice. “I am Elara, and I will forge my own path.”

With renewed determination, she pushed through the labyrinth, focusing on her knowledge of maps and navigation. Each step was a declaration of her identity, and slowly, the walls began to shift and reshape, leading her toward the center.

At the heart of the labyrinth, a shimmering pool reflected her image, distorted yet captivating. “What do you see?” the voice taunted again. “Do you see a worthy explorer?”

Elara looked deep within the pool, her reflection swirling. “I see a woman who has always searched for her place,” she replied. “But I am not defined by others’ expectations.”

With that declaration, the pool rippled, and the labyrinth dissolved, revealing the open sky above.

Lyra appeared once more, pride evident in her gaze. “You have conquered the trials of the mind. The final challenge lies ahead.”

**Part 5: The Trial of the Spirit**

The final trial took place atop a majestic cliff, where the sky kissed the ocean. The air was electric with anticipation as Elara stood at the precipice, staring into the abyss below. The ocean roared, and the wind whipped around her, a cacophony of nature’s raw power.

“Your final challenge is to release what no longer serves you,” Lyra’s voice echoed in her mind. “Only then can you embrace your true self.”

Elara closed her eyes, feeling the energy of the island coursing through her. This was the moment to confront her past—her fear of inadequacy, her longing for approval, and her desperate need to connect with her father.

As she inhaled deeply, she envisioned herself standing before her father once more. “I forgive you,” she whispered, tears streaming down her cheeks. “And I forgive myself for wanting your approval.”

With that release, she opened her eyes, feeling lighter as if a weight had been lifted from her shoulders. The ocean below shimmered, reflecting her transformation. 

Lyra appeared beside her, a radiant smile illuminating her face. “You have completed the trials, Elara. You have faced your fears, claimed your identity, and embraced your spirit. Now, the truth of Elysium is yours to uncover.”

**Part 6: The Truth Unveiled**

As the sun set on the horizon, casting a kaleidoscope of colors across the sky, Lyra led Elara to a hidden cave behind the waterfall. Inside, the walls glowed with ancient inscriptions, depicting the island’s history—the rise and fall of its guardians, the explorers who sought its secrets, and the sacrifices made along the way.

In the center of the cave lay a stone pedestal, upon which rested a weathered journal. Elara approached, her heart racing as she recognized the handwriting. It was her father’s.

“Elysium is a reflection of the heart,” his words echoed in her mind. “To find it, one must be willing to confront their deepest fears and desires. I sought the truth, but I became lost in my quest. This journal is my legacy, Elara. I hope it guides you to your own truth.”

With trembling hands, Elara opened the journal, revealing maps, sketches, and musings that chronicled her father’s journey. Tears streamed down her face as she absorbed his struggles and triumphs, realizing that he too had been searching for his place in the world.

In that moment, she felt a profound connection to him, as if the distance between them had vanished. She was no longer just the daughter of a great explorer; she was Elara, a skilled cartographer in her own right, ready to carve her path.

**Part 7: A New Journey**

As dawn broke over Elysium, Elara emerged from the cave, the weight of the past lifted from her shoulders. She stood on the cliff once more, gazing out at the endless ocean. The island had gifted her with the truth she sought, but it had also ignited a new fire within her—a desire to explore beyond the confines of her father’s legacy.

Lyra appeared beside her, a gentle smile on her face. “The island has chosen you, Elara. You are now a guardian of Elysium, and your journey is just beginning.”

With newfound purpose, Elara looked toward the horizon, the vast expanse of the sea calling her name. “I will uncover the stories of this world,” she vowed, “and I will create my own legacy.”

As the sun rose higher, casting its golden rays upon her, Elara took a deep breath and began her descent from the cliff, ready to embrace the adventures that awaited her. Elysium had revealed its secrets, but it was only the beginning of the journey—a journey that would echo through time, intertwining her story with the island’s eternal legacy.

And so, with courage in her heart and the spirit of exploration guiding her, Elara stepped forward, ready to explore the uncharted realms of her destiny.","Write a 1500 word potential story.","25-02-2025","gpt-4o-mini","0.8"
