"Story ID","Story","Prompt","Topic"
"French_1","In a quaint village, young Lucie discovers a magical paintbrush that brings her drawings to life. With her mischievous cat, Marcel, she embarks on whimsical adventures, helping friends and solving problems. But when a greedy artist seeks the brush, Lucie must learn to protect her magic and the joy it brings.","Write a 50 word plot summary for a potential French children's novel.","French"
"French_2","In a quaint village, young Éloise discovers a magical paintbrush that brings her drawings to life. With her newfound friend, a mischievous dragon named Biscuit, they embark on whimsical adventures, helping the villagers solve problems. Together, they learn the importance of creativity, friendship, and believing in the impossible.","Write a 50 word plot summary for a potential French children's novel.","French"
"French_3","In a quaint village, young Émile discovers a magical paintbrush that brings his drawings to life. With his newfound talent, he must help a shy mouse named Gaston save their village from a gloomy spell. Together, they embark on colorful adventures, learning about friendship, courage, and the power of imagination.","Write a 50 word plot summary for a potential French children's novel.","French"
"French_4","In ""La Montre Magique,"" young Camille discovers an enchanted watch that allows her to pause time. With her mischievous cat, Pierre, she embarks on whimsical adventures, helping friends and solving problems. However, as time slips away, Camille learns the importance of cherishing each moment and the true magic of friendship.","Write a 50 word plot summary for a potential French children's novel.","French"
"French_5","In ""Le Jardin des Secrets,"" young Camille discovers a hidden garden filled with talking animals and magical plants. With her new friends, she embarks on whimsical adventures, solving riddles and helping the creatures protect their home from a greedy developer. Together, they learn the power of courage, friendship, and nature.","Write a 50 word plot summary for a potential French children's novel.","French"
"French_6","In a quaint village, young Elodie discovers a magical paintbrush that brings her drawings to life. With her newfound friend, a mischievous fox named Jacques, they embark on whimsical adventures, solving mysteries and helping neighbors. Together, they learn the power of imagination, friendship, and the importance of kindness in their world.","Write a 50 word plot summary for a potential French children's novel.","French"
"French_7","In the enchanted village of Étoile, a curious young girl named Lila discovers a hidden garden filled with talking animals and magical flowers. When the garden's magic begins to fade, Lila embarks on an adventure with her new friends to save their home, learning the power of friendship and bravery along the way.","Write a 50 word plot summary for a potential French children's novel.","French"
"French_8","In ""Les Aventures de Léa et le Chat Magique,"" young Léa discovers a mysterious, talking cat in her grandmother’s attic. Together, they embark on whimsical adventures through enchanted forests and magical realms, solving riddles and helping fantastical creatures. Along the way, Léa learns the value of friendship and courage.","Write a 50 word plot summary for a potential French children's novel.","French"
"French_9","In ""Le Mystère de la Montagne Enchantée,"" young Lucie discovers a magical mountain where animals talk and dreams come alive. Alongside her mischievous cat, Poussin, she embarks on an adventure to save the mountain's magic from a grumpy giant. Together, they learn about friendship, bravery, and the power of imagination.","Write a 50 word plot summary for a potential French children's novel.","French"
"French_10","In a quaint village, a curious young girl named Élodie discovers a magical door hidden in an ancient oak tree. Each time she opens it, she enters a new world filled with fantastical creatures and enchanting adventures. With her bravery and imagination, Élodie learns valuable lessons about friendship and courage.","Write a 50 word plot summary for a potential French children's novel.","French"
"French_11","In ""Le Voyage des Étoiles,"" young Émile discovers a magical compass that guides him to enchanted realms. Alongside his curious cat, Minou, they embark on whimsical adventures, meeting friendly creatures and solving riddles. Together, they learn the importance of friendship, bravery, and believing in the magic that exists within themselves.","Write a 50 word plot summary for a potential French children's novel.","French"
"French_12","In a quaint village, young Éloise discovers a hidden garden where animals speak and magic blooms. With her new friends, she embarks on whimsical adventures, solving riddles and helping creatures in need. Together, they learn the importance of friendship, courage, and the beauty of nature, bringing joy to their enchanted world.","Write a 50 word plot summary for a potential French children's novel.","French"
"French_13","In ""Le Mystère du Jardin Enchanté,"" young Camille discovers a hidden garden filled with talking animals and magical plants. Teaming up with a brave rabbit and a wise owl, she embarks on a quest to save the garden from a dark sorcerer. Friendship and courage bloom in this whimsical adventure.","Write a 50 word plot summary for a potential French children's novel.","French"
"French_14","In ""La Magie de l'Amitié,"" young Camille discovers a hidden world of enchanted creatures in her grandmother's garden. With her newfound friend, a mischievous dragon named Pierre, they embark on whimsical adventures, solving riddles and overcoming fears, ultimately learning that the true magic lies in friendship and believing in oneself.","Write a 50 word plot summary for a potential French children's novel.","French"
"French_15","In ""Le Voyage de Poussin,"" a curious little chick named Poussin discovers a hidden map in the barn. With the help of a wise owl and mischievous mouse, they embark on a magical adventure through enchanted forests and sparkling rivers. Together, they learn the true meaning of friendship and bravery.","Write a 50 word plot summary for a potential French children's novel.","French"
"French_16","In a quaint village, a timid young girl named Élodie discovers a magical paintbrush that brings her drawings to life. As her creations spring into the real world, she learns to embrace her imagination and courage. With newfound friends, Élodie embarks on whimsical adventures, transforming her fears into colorful dreams.","Write a 50 word plot summary for a potential French children's novel.","French"
"French_17","In ""Le Mystère du Chat Magique,"" young Camille discovers a talking cat named Pierre who leads her on enchanting adventures through hidden realms of Paris. Together, they solve riddles and confront mischievous creatures, ultimately learning the value of friendship, courage, and believing in the magic that surrounds them every day.","Write a 50 word plot summary for a potential French children's novel.","French"
"French_18","In ""Le Petit Voyage de Lila,"" a curious girl named Lila discovers a magical map that leads her on whimsical adventures through enchanted forests and talking animals. Along the way, she learns the importance of friendship, bravery, and believing in oneself, all while unraveling the secrets of her family's past.","Write a 50 word plot summary for a potential French children's novel.","French"
"French_19","In a quaint village, young Amélie discovers a magical paintbrush that brings her drawings to life. With her new creations, she embarks on whimsical adventures, helping friends and mending broken hearts. But when a mischievous shadow threatens her village, Amélie must find courage and creativity to save her home and friends.","Write a 50 word plot summary for a potential French children's novel.","French"
"French_20","In a quaint village, young Lucie discovers a hidden garden where flowers whisper secrets. With her mischievous cat, Pomme, she embarks on adventures to solve mysteries and help her friends. Together, they learn the power of kindness, friendship, and the magic found in nature, uncovering the beauty of their world.","Write a 50 word plot summary for a potential French children's novel.","French"
"French_21","In the quaint village of Mirabelle, a curious young girl named Élodie discovers a hidden key that unlocks a magical garden. Inside, fantastical creatures come to life, teaching her the importance of friendship and bravery. Together, they embark on whimsical adventures, learning to protect their enchanting world from a looming darkness.","Write a 50 word plot summary for a potential French children's novel.","French"
"French_22","In the quaint village of Montclair, young Camille discovers a hidden doorway in her grandmother's garden. It leads to a magical realm where animals speak and dreams come alive. Joined by her mischievous cat, Étoile, Camille embarks on an adventure to save this enchanting world from a looming darkness and restore harmony.","Write a 50 word plot summary for a potential French children's novel.","French"
"French_23","In ""Léa et le Jardin Magique,"" a curious girl named Léa discovers a hidden garden filled with talking animals and enchanted plants. When the garden's magic begins to fade, Léa embarks on an adventure with her new friends to restore its beauty, learning about friendship, bravery, and the importance of nature.","Write a 50 word plot summary for a potential French children's novel.","French"
"French_24","In a quaint village, a curious young girl named Élodie discovers a hidden door to a magical garden. There, she befriends talking animals and learns about friendship, courage, and nature’s wonders. As she faces challenges, Élodie must find a way to protect the garden from a looming threat. Adventure awaits!","Write a 50 word plot summary for a potential French children's novel.","French"
"French_25","In ""Léa et le Mystère des Étoiles,"" a curious young girl named Léa discovers a hidden map in her grandmother's attic that leads to a magical forest. Alongside her talking cat, she embarks on an adventure to uncover the secrets of the stars, learning about friendship, bravery, and the wonders of nature.","Write a 50 word plot summary for a potential French children's novel.","French"
"French_26","In ""Le Petit Train des Rêves,"" a young girl named Amélie discovers a magical train that travels through dreams. Each night, she meets fantastical creatures and learns valuable lessons about courage and friendship. Together, they embark on whimsical adventures, teaching Amélie to believe in herself and the power of imagination.","Write a 50 word plot summary for a potential French children's novel.","French"
"French_27","In a quaint village, a curious little girl named Émilie discovers a hidden door in her grandmother’s attic. Behind it lies a magical realm where animals speak and dreams come to life. Together with her new friends, Émilie embarks on enchanting adventures, learning about courage, friendship, and the power of imagination.","Write a 50 word plot summary for a potential French children's novel.","French"
"French_28","In ""Le Voyage de Léon,"" a curious little fox named Léon discovers a hidden map leading to a magical forest. Alongside his friends—an adventurous rabbit and a wise old owl—Léon embarks on a journey filled with riddles, friendship, and bravery, ultimately learning that the greatest treasure is the adventure itself.","Write a 50 word plot summary for a potential French children's novel.","French"
"French_29","In a quaint village, young Lila discovers a magical paintbrush that brings her drawings to life. With her newfound friend, a mischievous fox, they embark on whimsical adventures, learning the importance of creativity and kindness. Together, they face challenges that teach Lila to believe in herself and the power of imagination.","Write a 50 word plot summary for a potential French children's novel.","French"
"French_30","In ""Le Voyage Magique de Lila,"" a young girl discovers a hidden door in her grandmother's attic that leads to a whimsical world filled with talking animals and enchanted forests. With the help of her new friends, Lila embarks on a quest to find a lost treasure and learn the importance of bravery and friendship.","Write a 50 word plot summary for a potential French children's novel.","French"
"French_31","In a quaint village, young Lucie discovers a magical paintbrush that brings her drawings to life. As her creations frolic through town, mischief ensues. With the help of her loyal dog, she must restore harmony, learning the importance of responsibility and friendship. Together, they create a masterpiece of adventure!","Write a 50 word plot summary for a potential French children's novel.","French"
"French_32","In “Le Voyage Magique de Lou,” a curious young girl discovers a hidden door in her attic that leads to a whimsical world filled with talking animals and enchanted forests. With her new friends, Lou embarks on a quest to save the land from a mischievous sorcerer, learning courage and friendship along the way.","Write a 50 word plot summary for a potential French children's novel.","French"
"French_33","In a quaint village, young Émile discovers a hidden map leading to a magical garden. With his loyal cat, Moustache, he embarks on an adventure filled with talking flowers and friendly creatures. Together, they learn the importance of friendship, courage, and believing in the extraordinary, bringing joy to their village.","Write a 50 word plot summary for a potential French children's novel.","French"
"French_34","In a quaint village, nine-year-old Lucie discovers a mysterious key that unlocks an enchanted garden. Each flower tells a story, teaching her about friendship, courage, and kindness. With the help of her talking cat, she embarks on whimsical adventures, uncovering hidden treasures and the magic of believing in oneself.","Write a 50 word plot summary for a potential French children's novel.","French"
"French_35","In the enchanting village of Bellefeuille, a curious young girl named Sophie discovers a hidden garden inhabited by talking animals and magical plants. When the garden faces destruction, Sophie embarks on a brave quest to unite her friends and save their beloved sanctuary, learning the power of friendship and courage along the way.","Write a 50 word plot summary for a potential French children's novel.","French"
"French_36","In a quaint village, a young girl named Élodie discovers a magical paintbrush that brings her drawings to life. With her newfound friend, a mischievous fox, she embarks on adventures to save the village from a fading color. Together, they learn the importance of friendship, creativity, and believing in dreams.","Write a 50 word plot summary for a potential French children's novel.","French"
"French_37","In ""Le Secret du Jardin Enchanté,"" young Émile discovers a magical garden hidden behind his grandmother's house. Each flower whispers secrets of the past, revealing stories of bravery and friendship. Joined by his adventurous cat, Chérie, Émile embarks on a quest to save the garden from a looming darkness.","Write a 50 word plot summary for a potential French children's novel.","French"
"French_38","In ""Le Voyage Magique de Léa,"" a curious girl named Léa discovers an enchanted compass that leads her to a hidden realm of talking animals and mystical flora. Together with her new friends, she embarks on a quest to restore balance to their world, learning bravery and friendship along the way.","Write a 50 word plot summary for a potential French children's novel.","French"
"French_39","In a quaint village, young Élodie discovers a magical paintbrush that brings her drawings to life. As her creations leap off the page, they help solve local mysteries and bring joy to the townsfolk. But when shadows loom, Élodie must learn the true power of imagination to save her friends.","Write a 50 word plot summary for a potential French children's novel.","French"
"French_40","In a quaint village, young Lucie discovers a magical paintbrush that brings her drawings to life. With her newfound friend, a mischievous dragon named Pipo, they embark on whimsical adventures, helping neighbors and solving mysteries. Together, they learn the power of creativity, friendship, and believing in the impossible.","Write a 50 word plot summary for a potential French children's novel.","French"
"French_41","In ""Le Mystère de la Forêt Enchantée,"" ten-year-old Clara discovers a hidden forest where animals speak and magic thrives. When the forest's happiness fades, Clara embarks on a quest with her newfound friends—a wise owl and a mischievous fox—to restore joy, learning the power of friendship and courage along the way.","Write a 50 word plot summary for a potential French children's novel.","French"
"French_42","In ""Le Voyage des Étoiles,"" young Camille discovers a magical star map hidden in her grandmother's attic. Each star leads her on whimsical adventures through enchanted lands, teaching her about friendship, bravery, and the wonders of the universe. With her loyal cat, she learns that every journey begins with a single step.","Write a 50 word plot summary for a potential French children's novel.","French"
"French_43","In ""Les Aventures de Léo et les Étoiles,"" a curious boy named Léo discovers a magical telescope that allows him to communicate with stars. Each night, he embarks on whimsical adventures, learning valuable lessons about friendship, courage, and the beauty of the universe, ultimately inspiring his village to dream big.","Write a 50 word plot summary for a potential French children's novel.","French"
"French_44","In ""Le Petit Nuage,"" a curious cloud named Nimbus dreams of exploring the world below. Befriending a lonely boy named Émile, they embark on whimsical adventures, painting rainbows and dancing in the wind. Together, they learn the importance of friendship, bravery, and embracing the beauty of both the sky and earth.","Write a 50 word plot summary for a potential French children's novel.","French"
"French_45","In a quaint village, young Lucie discovers a hidden door to a magical world where animals speak and dreams come alive. With her mischievous cat, Pippin, they embark on whimsical adventures, solving riddles and helping friends. Together, they learn the power of friendship, courage, and believing in the impossible.","Write a 50 word plot summary for a potential French children's novel.","French"
"French_46","In a quaint village, young Léa discovers a magical paintbrush that brings her drawings to life. As she creates whimsical creatures to help her friends, she learns the importance of kindness and imagination. But when her creations misbehave, Léa must find a way to restore harmony before the village is overwhelmed!","Write a 50 word plot summary for a potential French children's novel.","French"
"French_47","In ""Les Secrets de la Forêt Enchantée,"" young Amélie discovers a hidden world in the forest behind her home. With her mischievous fox friend, Felix, they embark on adventures, solving riddles and helping magical creatures. As they uncover ancient secrets, Amélie learns the importance of friendship, courage, and believing in magic.","Write a 50 word plot summary for a potential French children's novel.","French"
"French_48","In ""Le Mystère des Étoiles,"" a curious young girl named Émilie discovers a magical telescope that reveals hidden worlds in the night sky. With her adventurous cat, Poussin, she embarks on a quest to save a star from fading, learning about friendship, courage, and the wonders of the universe along the way.","Write a 50 word plot summary for a potential French children's novel.","French"
"French_49","In ""Les Aventures de Lila et le Chat Magique,"" young Lila discovers a talking cat named Félix, who leads her to a hidden world of enchanted gardens and playful fairies. Together, they embark on whimsical adventures, learning the importance of friendship, courage, and believing in the magic that exists all around them.","Write a 50 word plot summary for a potential French children's novel.","French"
"French_50","In ""Le Secret des Étoiles,"" young Clara discovers a hidden map leading to a magical garden where stars blossom. Joined by her mischievous cat, Pierre, they embark on a whimsical adventure filled with talking animals and sparkling wonders. Together, they learn the importance of friendship, courage, and believing in dreams.","Write a 50 word plot summary for a potential French children's novel.","French"
"French_51","In a quaint French village, young Éloïse discovers a magical paintbrush that brings her drawings to life. As she creates fantastical friends, they embark on adventures to save their world from a gray villain who steals color. Together, they learn the importance of imagination, friendship, and the beauty of diversity.","Write a 50 word plot summary for a potential French children's novel.","French"
"French_52","In ""Le Voyage de Lila,"" a curious young girl discovers a magical key that opens doors to hidden worlds. Accompanied by her talking cat, Mimi, Lila embarks on enchanting adventures, meeting whimsical creatures and solving riddles. Together, they learn the importance of friendship, courage, and embracing the unknown.","Write a 50 word plot summary for a potential French children's novel.","French"
"French_53","In a quaint village, twelve-year-old Lucie discovers a hidden map leading to a magical garden. Alongside her mischievous cat, Pippin, they embark on a quest to find the garden's enchanted flowers. Together, they learn about friendship, courage, and the wonders of nature, transforming their village in unexpected ways.","Write a 50 word plot summary for a potential French children's novel.","French"
"French_54","In ""Le Petit Voyageur,"" young Léa discovers a magical compass that transports her to enchanting worlds filled with talking animals and whimsical adventures. As she helps her new friends overcome challenges, Léa learns the importance of bravery, friendship, and believing in oneself, ultimately finding her way back home transformed.","Write a 50 word plot summary for a potential French children's novel.","French"
"French_55","In a quaint village, a curious little fox named Renard discovers a magical paintbrush that brings his drawings to life. With newfound friends, he embarks on enchanting adventures, solving problems and spreading joy. However, Renard learns that the greatest magic comes from friendship and creativity, inspiring everyone to believe in their dreams.","Write a 50 word plot summary for a potential French children's novel.","French"
"French_56","In ""Le Mystère de la Clé Enchantée,"" young Camille discovers a magical key in her grandmother's attic. This key unlocks hidden doors to whimsical worlds filled with talking animals and curious puzzles. Joined by her adventurous friend, Lucas, they embark on a quest to save these enchanted realms from darkness.","Write a 50 word plot summary for a potential French children's novel.","French"
"French_57","In “Les Aventures de Lila et le Chat Magique,” young Lila discovers a talking cat named Maurice who can grant wishes. Together, they embark on whimsical adventures through enchanted forests and secret gardens. As Lila learns about friendship and courage, she realizes that true magic comes from within.","Write a 50 word plot summary for a potential French children's novel.","French"
"French_58","In a small French village, ten-year-old Émilie discovers a hidden garden filled with magical creatures. Each day, she learns valuable lessons from her new friends about friendship, courage, and kindness. Together, they embark on whimsical adventures, teaching Émilie that the true magic lies in believing in herself and the power of imagination.","Write a 50 word plot summary for a potential French children's novel.","French"
"French_59","In a small village, shy Lucie discovers a magical paintbrush that brings her drawings to life. With her new friend, a whimsical dragon named Gaspard, they embark on adventures to help the villagers. Together, they learn the power of creativity, friendship, and believing in themselves, transforming the village forever.","Write a 50 word plot summary for a potential French children's novel.","French"
"French_60","In a quaint village, young Lucie discovers a magical paintbrush that brings her drawings to life. With her newfound friend, a mischievous fox named Roux, they embark on whimsical adventures, solving mysteries and helping villagers. Together, they learn the power of creativity, friendship, and believing in the extraordinary within the ordinary.","Write a 50 word plot summary for a potential French children's novel.","French"
"French_61","In a whimsical village, young Clara discovers a hidden portal to a magical garden where animals speak and dreams come alive. With her new friends—a clever fox and a singing bird—Clara embarks on enchanting adventures, learning the importance of friendship, courage, and believing in the magic that lies within.","Write a 50 word plot summary for a potential French children's novel.","French"
"French_62","In a quaint village, young Éloïse discovers an enchanted book that brings her drawings to life. With her newfound friends—a mischievous fox and a wise owl—she embarks on whimsical adventures, solving mysteries and spreading joy. As they unite the village, Éloïse learns the true power of creativity and friendship.","Write a 50 word plot summary for a potential French children's novel.","French"
"French_63","In ""Le Petit Étoile,"" a curious young star named Lumi discovers a hidden world between the clouds where dreams come true. With the help of her whimsical friends—a talking cloud and a brave kite—Lumi embarks on an adventurous journey to bring joy to Earth, learning about friendship and courage along the way.","Write a 50 word plot summary for a potential French children's novel.","French"
"French_64","In ""Le Voyage Magique de Lila,"" a curious girl discovers a hidden door in her grandmother's attic that leads to a whimsical world filled with talking animals and enchanted forests. With her new friends, Lila embarks on a quest to save the realm from an ancient curse, learning courage and friendship along the way.","Write a 50 word plot summary for a potential French children's novel.","French"
"French_65","In ""Léo et la Lune Magique,"" a curious young boy named Léo discovers a hidden garden where the moon grants wishes. When his best friend, a shy rabbit named Céleste, gets lost in a dream, Léo embarks on a whimsical adventure through enchanted realms to bring her back home. ","Write a 50 word plot summary for a potential French children's novel.","French"
"French_66","In a quaint village, young Camille discovers a hidden garden where magical creatures dwell. With the help of her new friends—a wise owl and a playful fox—she embarks on a quest to restore the garden's lost colors, learning about friendship, courage, and the importance of protecting nature along the way.","Write a 50 word plot summary for a potential French children's novel.","French"
"French_67","In ""Le Voyage des Étoiles,"" young Clara discovers a magical telescope that transports her to a realm where stars come alive. With her newfound friends, she embarks on adventures to save the starlit skies from darkness. Together, they learn the power of friendship, courage, and the importance of dreams.","Write a 50 word plot summary for a potential French children's novel.","French"
"French_68","In ""Le Petit Poussin et l'Étoile,"" a curious little chick named Poussin dreams of touching a distant star. With the help of a wise old owl and his playful friends, he embarks on a magical adventure through enchanted forests and sparkling rivers, discovering friendship, courage, and the beauty of dreams.","Write a 50 word plot summary for a potential French children's novel.","French"
"French_69","In a quaint village, young Camille discovers a magical paintbrush that brings her drawings to life. With her whimsical creations, she embarks on adventures, helping friends and solving mysteries. But when a mischievous shadow threatens her village, Camille must learn to harness her imagination to save the day and restore joy.","Write a 50 word plot summary for a potential French children's novel.","French"
"French_70","In a quaint village, young Amélie discovers a hidden door in her grandmother's attic. Behind it lies a magical world where animals speak and adventures await. Joined by her mischievous cat, Minou, Amélie must solve riddles to save this enchanted land from a looming shadow, learning courage and friendship along the way.","Write a 50 word plot summary for a potential French children's novel.","French"
"French_71","In a quaint village, a curious young girl named Émilie discovers a hidden door in her attic that leads to a magical garden. There, she befriends whimsical creatures who teach her the importance of kindness and courage. Together, they embark on enchanting adventures, uncovering secrets that forever change their lives.","Write a 50 word plot summary for a potential French children's novel.","French"
"French_72","In ""Le Voyage de Lila,"" a curious girl discovers a magical compass that transports her to enchanting lands. Each adventure teaches her a valuable lesson about friendship, bravery, and kindness. With her new friends, Lila must solve puzzles to return home, realizing that true magic lies in her heart.","Write a 50 word plot summary for a potential French children's novel.","French"
"French_73","In ""Le Chat Magique,"" a curious cat named Étoile discovers a hidden world of enchanted creatures beneath the cobblestone streets of Paris. With her new friends, she embarks on whimsical adventures, solving puzzles and spreading joy, while learning the importance of friendship, bravery, and believing in the magic all around.","Write a 50 word plot summary for a potential French children's novel.","French"
"French_74","In the enchanting village of Lumière, a curious girl named Élodie discovers a magical paintbrush that brings her drawings to life. With her newfound friends—a talking cat and a brave squirrel—she embarks on whimsical adventures, solving riddles and spreading joy, ultimately learning the true power of creativity and friendship.","Write a 50 word plot summary for a potential French children's novel.","French"
"French_75","In ""Le Secret de Léon,"" a curious young boy discovers a hidden world beneath his sleepy village. With his clever cat, Mimi, he embarks on whimsical adventures, befriending magical creatures and solving ancient puzzles. Together, they learn the importance of friendship, bravery, and believing in the extraordinary that lies within.","Write a 50 word plot summary for a potential French children's novel.","French"
"French_76","In ""Le Voyage de Lila,"" a curious young girl discovers a hidden map in her grandmother's attic. As she embarks on a magical adventure across enchanting landscapes, she befriends talking animals and solves riddles. Together, they learn the importance of courage, friendship, and believing in oneself to overcome challenges.","Write a 50 word plot summary for a potential French children's novel.","French"
"French_77","In a quaint village, young Lucie discovers a secret garden filled with enchanted creatures. As she befriends a shy dragon and a mischievous fairy, they embark on magical adventures. Together, they must solve riddles and confront a dark force threatening their home, learning the true meaning of friendship and bravery.","Write a 50 word plot summary for a potential French children's novel.","French"
"French_78","In ""L'Étoile de Lila,"" a curious young girl discovers a hidden star in her garden that grants wishes. As Lila's dreams come true, she learns the importance of friendship and kindness. When faced with a difficult choice, she must decide between her wishes and helping others, discovering true happiness within.","Write a 50 word plot summary for a potential French children's novel.","French"
"French_79","In ""Les Aventures de Lila et le Chat Magique,"" young Lila discovers a talking cat in her garden. Together, they embark on whimsical adventures through enchanted forests and hidden castles, solving riddles and making friends. Along the way, Lila learns the importance of bravery, kindness, and believing in magic.","Write a 50 word plot summary for a potential French children's novel.","French"
"French_80","In ""Le Voyage Magique de Léa,"" a curious girl named Léa discovers a hidden door in her grandmother's attic that leads to a whimsical world of talking animals and enchanted forests. With her new friends, she embarks on an adventure to save their land from a mischievous shadow threatening to steal joy.","Write a 50 word plot summary for a potential French children's novel.","French"
"French_81","In the enchanting village of Petit Verger, a curious young girl named Amélie discovers a hidden garden, home to talking animals and magical plants. Together, they embark on whimsical adventures, solving riddles and spreading kindness. Amélie learns the importance of friendship, courage, and protecting nature's wonders in this heartwarming tale.","Write a 50 word plot summary for a potential French children's novel.","French"
"French_82","In ""Le Mystère de la Lune,"" young Sophie discovers a hidden world where animals speak and stars come alive at night. With her new friends—a wise owl and a mischievous fox—Sophie embarks on an adventure to recover stolen moonlight, learning the importance of friendship and bravery along the way.","Write a 50 word plot summary for a potential French children's novel.","French"
"French_83","In ""Les Aventures de Lila et le Chat Magique,"" young Lila discovers a talking cat who whisks her away to a hidden world of enchanted forests and whimsical creatures. Together, they embark on a quest to save the kingdom from a gloomy spell, learning about friendship and bravery along the way.","Write a 50 word plot summary for a potential French children's novel.","French"
"French_84","In a small village, young Léo discovers a magical paintbrush that brings his drawings to life. As he creates fantastical creatures, trouble brews when a mischievous sprite steals it. Léo embarks on a whimsical adventure through enchanted forests, learning the power of creativity, friendship, and responsibility along the way.","Write a 50 word plot summary for a potential French children's novel.","French"
"French_85","In a quaint village, young Amélie discovers a magical paintbrush that brings her drawings to life. As her creations roam free, they unintentionally cause chaos. With the help of her clever friends, Amélie learns to control her gift, using it to protect her village and spread joy far and wide.","Write a 50 word plot summary for a potential French children's novel.","French"
"French_86","In ""Le Voyage de Lila,"" a spirited young girl discovers a hidden tree door leading to a magical world. Guided by whimsical creatures, she embarks on a quest to save their land from an eternal winter. Along the way, Lila learns the power of friendship, courage, and believing in herself.","Write a 50 word plot summary for a potential French children's novel.","French"
"French_87","In ""Le Voyage de Lila,"" a curious young girl discovers a magical compass that leads her to hidden worlds. Each destination reveals a new adventure, from dancing with fireflies to befriending talking animals. Along the way, Lila learns about courage, friendship, and the importance of believing in oneself.","Write a 50 word plot summary for a potential French children's novel.","French"
"French_88","In ""Léo et le Jardin Magique,"" a shy boy named Léo discovers a hidden garden where flowers can talk and dreams come to life. With the help of his new friends, he learns to embrace his imagination and face his fears, ultimately transforming both the garden and his own heart.","Write a 50 word plot summary for a potential French children's novel.","French"
"French_89","In a quaint village, young Camille discovers a hidden door to a magical garden filled with talking animals and enchanted plants. With her new friends, she embarks on whimsical adventures, learning the importance of friendship, courage, and kindness. Together, they must protect the garden from a mischievous sorcerer’s plans.","Write a 50 word plot summary for a potential French children's novel.","French"
"French_90","In ""Le Mystère des Étoiles,"" young Clara discovers a magical telescope that reveals the secrets of the night sky. Joined by her adventurous cat, Momo, they embark on a cosmic quest to help lost stars find their way home, learning about friendship and courage along the way. Adventure awaits!","Write a 50 word plot summary for a potential French children's novel.","French"
"French_91","In ""Le Voyage des Étoiles,"" young Lucie discovers a magical compass that leads her to enchanted realms. Together with her curious cat, Étoile, they embark on adventures through starry skies, befriending whimsical creatures. Lucie learns courage and friendship, ultimately realizing that the true magic lies within her heart.","Write a 50 word plot summary for a potential French children's novel.","French"
"French_92","In a quaint village, young Élodie discovers a magical book in her attic that brings stories to life. With her mischievous cat, Gaston, she embarks on whimsical adventures, meeting talking animals and solving riddles. Together, they learn the value of friendship, courage, and the joy of imagination in every tale.","Write a 50 word plot summary for a potential French children's novel.","French"
"French_93","In a quaint village, young Amélie discovers a magical paintbrush that brings her drawings to life. As her creations leap off the page, they spark joy and adventure. However, when a mischievous monster threatens the village, Amélie must unite her art and friends to save the day, learning bravery along the way.","Write a 50 word plot summary for a potential French children's novel.","French"
"French_94","In a bustling village, young Élodie discovers a hidden garden filled with whimsical creatures. As she befriends a shy dragon named Lumi, they embark on enchanting adventures, solving mysteries that threaten their home. Together, they learn the importance of friendship, bravery, and believing in the magic that lies within.","Write a 50 word plot summary for a potential French children's novel.","French"
"French_95","In ""Le Jardin Magique,"" a shy girl named Camille discovers a hidden garden where plants speak and animals dance. Guided by an enchanted butterfly, she embarks on whimsical adventures, learning the power of courage and friendship. As she nurtures the garden, Camille blossoms into a brave, confident young girl, transforming her world.","Write a 50 word plot summary for a potential French children's novel.","French"
"French_96","In ""Le Mystère du Chat Étoilé,"" young Clara discovers a magical cat that can grant wishes under the light of the stars. Together, they embark on whimsical adventures, facing challenges that teach Clara the importance of kindness and friendship. As they journey, Clara learns that true magic comes from within.","Write a 50 word plot summary for a potential French children's novel.","French"
"French_97","In a magical village hidden in the French countryside, young Léa discovers a talking rabbit named Gaston. Together, they embark on whimsical adventures, solving mysteries and helping enchanted creatures. As Léa learns valuable lessons about friendship and bravery, she realizes that the true magic lies within her own heart.","Write a 50 word plot summary for a potential French children's novel.","French"
"French_98","In ""Le Mystère du Jardin Enchanté,"" young Émile discovers a hidden garden where animals speak and magical plants bloom. Together with his curious friend, Sophie, they embark on an adventure to solve the mystery of a missing treasure that protects their village. Friendship and bravery bloom in this enchanting tale.","Write a 50 word plot summary for a potential French children's novel.","French"
"French_99","In ""Le Voyage des Étoiles,"" young Léa discovers a magical map that leads her to a hidden world among the stars. Accompanied by her mischievous cat, Nimbus, she embarks on a quest to save the constellation creatures from a dark sorcerer, learning the power of friendship and courage along the way.","Write a 50 word plot summary for a potential French children's novel.","French"
"French_100","In a quaint village, young Anouk discovers a magical paintbrush that brings her drawings to life. With her newfound friends, a playful fox and a wise owl, she embarks on adventures to save her village from a grumpy giant. Together, they learn the power of creativity, friendship, and courage.","Write a 50 word plot summary for a potential French children's novel.","French"
