Word,Frequency
tree,789
mango,599
heart,400
chapter,352
magic,345
village,336
wish,294
eye,280
adventure,252
feel,246
find,216
say,209
forest,197
magical,196
share,180
like,176
fill,169
story,167
river,163
voice,160
ask,153
child,152
help,139
joy,139
chintu,139
friend,135
look,135
know,135
come,132
spirit,131
anaya,131
love,130
day,127
villager,125
excitement,123
air,118
light,117
golden,116
think,116
begin,114
smile,113
glow,112
sparkle,112
leave,110
kindness,110
raju,108
branch,106
whisper,105
hand,104
stand,104
friendship,103
exclaim,102
challenge,102
remember,98
aanya,96
bring,95
shimmer,95
laughter,94
true,94
race,94
tara,94
sun,92
reply,92
let,89
thank,88
gather,88
hear,87
old,87
return,86
see,85
enchanted,85
courage,85
small,84
reach,84
banyan,83
girl,83
kavi,82
suddenly,82
aarav,81
water,81
mira,80
dream,79
set,78
hold,78
treasure,77
explore,77
flower,75
brave,75
home,75
festival,74
nod,73
secret,73
close,71
guardian,71
face,71
way,71
want,71
maya,70
grant,69
world,68
name,68
vibrant,67
sky,67
need,67
dance,66
step,65
take,64
lie,64
fruit,64
deep,63
live,63
gem,63
moment,63
approach,63
field,62
warm,62
bird,62
new,61
place,60
curious,60
wonder,60
wide,60
believe,60
little,60
end,59
color,59
aditi,59
learn,58
echo,58
fear,58
sound,58
power,58
ravi,58
bright,57
happiness,56
wind,56
bholu,56
notice,56
land,55
stone,53
green,53
gentle,53
tale,52
riddle,52
call,52
great,51
kaal,51
bravery,51
follow,50
tall,50
lead,50
time,50
cave,50
rush,49
grow,49
title,49
wise,48
deeply,48
colorful,47
lush,47
soft,47
kind,47
shout,47
sit,47
play,47
year,47
lesson,47
turn,47
animal,46
star,46
wing,46
young,46
grove,46
wave,46
sweet,45
sunny,45
sunlight,45
rohan,45
journey,44
laugh,44
hill,44
hide,44
afternoon,44
speak,43
nestle,43
surround,43
twinkle,43
ayaan,43
continue,43
sense,43
tell,42
listen,42
wisdom,42
seek,41
boy,41
ancient,41
path,41
spread,41
clearing,41
chhoti,40
dark,40
create,40
celebrate,39
cheer,39
feather,39
discover,39
declare,38
walk,38
rainbow,38
trunk,38
monkey,37
go,37
beautiful,37
realize,36
welcome,36
gently,36
open,36
carefully,36
appear,36
hair,36
grandmother,36
family,35
away,35
explain,35
climb,35
hope,35
soon,35
pass,35
envelop,34
finally,34
breath,34
creature,34
long,34
breeze,34
life,34
fairy,34
stumble,34
hidden,33
tiny,33
lose,33
final,33
inside,33
ground,33
cast,33
venture,33
good,32
quest,32
tiffin,32
paint,32
forward,32
complete,32
prove,32
wait,32
dadi,32
talk,31
rustle,31
flow,31
morning,31
wander,31
determination,31
word,30
head,30
thick,30
box,30
alive,30
shine,30
protect,30
pure,30
crystal,30
dear,30
garden,30
adventurous,30
softly,29
decide,29
enter,29
shadow,29
second,29
work,28
guide,28
warmth,28
edge,28
bloom,28
change,28
mind,28
center,28
curiosity,28
night,28
community,27
watch,27
heavy,27
food,27
item,27
amara,27
ganga,27
enchant,27
task,27
stop,27
root,27
rain,27
arrive,26
importance,26
gasp,26
save,26
sparkling,26
chotu,26
beneath,26
show,26
reveal,26
mysterious,26
swirl,26
surge,26
sorcerer,26
grin,25
beginning,25
run,25
emerald,25
dare,25
magnificent,25
hue,25
cross,25
ready,25
answer,24
burst,24
bark,24
choti,24
mountain,24
emerge,24
high,24
thought,24
widen,24
forever,24
pound,24
visit,24
pick,24
serpent,24
eagerly,24
shimmering,24
intrigue,24
gratitude,24
glance,23
imagination,23
nature,23
touch,23
promise,23
wash,23
float,23
awe,23
special,23
catch,23
wood,23
happen,23
owl,23
join,23
chirp,22
make,22
shall,22
mithu,22
group,22
rabbit,22
begins,22
scent,22
realm,22
symbol,22
meet,22
encourage,22
whispering,22
generation,22
people,22
unity,22
truly,21
song,21
hard,21
dreams,21
ear,21
energy,21
search,21
chutki,21
swell,21
remind,21
seed,21
understand,21
maybe,20
favorite,20
bamboo,20
glimmer,20
pride,20
delicious,20
evening,20
stream,20
exchange,20
carry,20
plant,20
try,20
strong,20
game,20
wild,20
figure,20
big,20
point,20
turtle,19
crop,19
clever,19
orchard,19
surprise,19
bush,19
fall,19
invite,19
yes,19
transform,19
school,19
flourish,19
wishing,19
inspire,19
guard,19
cloud,18
flap,18
eat,18
test,18
chuckle,18
legend,18
pluck,18
door,18
await,18
bond,18
lila,18
wisely,18
arm,18
oh,18
proud,18
gift,18
sway,18
cherish,18
mouth,18
right,17
grizzle,17
nearby,17
delight,17
suggest,17
use,17
fly,17
spot,17
fish,17
ripe,17
key,17
different,17
valley,17
thrive,17
cry,17
encounter,17
disbelief,17
pink,17
perch,17
hello,17
parrot,17
teach,17
spell,17
adventurer,17
beam,17
orange,17
blue,16
adventures,16
mean,16
discovery,16
rustling,16
woman,16
giggle,16
ananya,16
sing,16
baba,16
spend,16
strength,16
indian,16
foot,16
memory,16
unusual,16
grand,16
strange,16
flutter,16
eager,16
shade,16
asha,16
fade,16
riverbank,16
large,16
aamgaon,15
silver,15
choose,15
leela,15
clear,15
bubble,15
playful,15
wow,15
experience,15
finger,15
lake,15
real,15
care,15
course,15
gold,15
sharma,15
sight,15
unlike,15
squirrel,15
epilogue,15
warn,14
tower,14
rock,14
ruby,14
essence,14
remain,14
sundarpur,14
desire,14
square,14
form,14
man,14
miko,14
tightly,14
pearl,14
bhaiya,14
expression,14
adorn,14
hang,14
mischievous,14
piku,14
moti,14
dip,13
hesitate,13
soften,13
deer,13
house,13
hour,13
mangla,13
aam,13
giant,13
clap,13
garuda,13
bite,13
radiate,13
narrow,13
brightly,13
anticipation,13
vata,13
shake,13
restore,13
amazing,13
near,13
mischief,13
determined,13
will,13
steal,13
tremble,13
horizon,13
black,13
momo,13
excitedly,13
greet,13
stay,13
bear,13
phoenix,13
give,13
hero,13
island,13
astonishment,13
chaiwala,13
worried,13
free,13
worry,13
hurry,12
woods,12
curly,12
far,12
tail,12
twist,12
trap,12
finish,12
glisten,12
body,12
idea,12
spark,12
nest,12
imagine,12
thing,12
beauty,12
push,12
embark,12
lion,12
steady,12
wonders,12
elephant,12
butterfly,12
respect,12
erupt,12
chandpur,12
vanya,12
quaint,12
mystery,12
fox,12
sprite,12
brilliant,12
elder,12
truth,12
possible,11
storyteller,11
peculiar,11
pankaj,11
organize,11
racing,11
trio,11
chikoo,11
chime,11
roar,11
win,11
petal,11
storm,11
greed,11
today,11
bit,11
gnarl,11
miss,11
chhota,11
reflect,11
mangalpur,11
gharial,11
past,11
mother,11
moon,11
teamwork,11
closely,11
majestic,11
darkness,11
stretch,11
break,11
book,11
barely,11
tear,10
start,10
enjoy,10
aadi,10
mithila,10
bottle,10
plan,10
melodic,10
grandma,10
mix,10
illuminate,10
brown,10
thorny,10
newfound,10
friendly,10
harmony,10
pulse,10
base,10
culture,10
clean,10
gnarled,10
tiger,10
india,10
safe,10
reader,10
novel,10
amarpur,10
market,10
backpack,10
solve,10
pond,10
roll,10
kite,10
mela,10
extraordinary,10
summer,10
legacy,10
purpose,10
aloud,10
whispers,10
value,10
instant,10
surface,10
merchant,9
hug,9
forget,9
familiar,9
wrong,9
sigh,9
element,9
gaze,9
practice,9
cover,9
amit,9
careful,9
strike,9
juicy,9
buzz,9
vine,9
read,9
belief,9
jump,9
agree,9
week,9
ah,9
jewel,9
correct,9
important,9
kaalika,9
enormous,9
lift,9
okay,9
potential,9
sunflower,9
determine,9
quickly,9
accomplishment,9
peer,9
tug,9
shower,9
incredible,9
granny,9
diamond,9
rough,9
powerful,9
possibility,9
echoes,9
later,8
spin,8
sure,8
babu,8
music,8
low,8
intricate,8
room,8
uncover,8
unite,8
dust,8
lost,8
sink,8
hop,8
melody,8
line,8
prosperity,8
lotus,8
kapil,8
theme,8
send,8
hesitation,8
radiant,8
spirited,8
abundance,8
sprinkle,8
contest,8
fulfillment,8
happy,8
unison,8
sprawl,8
safely,8
slowly,8
entrance,8
meal,8
moonstone,8
wake,8
perfect,8
reminder,8
aroma,8
map,8
dense,8
filter,8
meadow,8
pull,8
corner,8
valuable,8
excited,8
brush,8
bravely,8
earn,8
bag,8
well,8
hardly,8
startled,8
compass,8
loom,8
marigold,8
fire,8
crowd,8
ponder,8
snack,8
notebook,8
urge,8
pause,8
keep,8
chase,8
daria,8
celebration,8
rub,7
confidently,7
focus,7
melodious,7
explorer,7
untangle,7
insatiable,7
fawn,7
swam,7
wear,7
feast,7
luck,7
single,7
ordinary,7
compassion,7
nandpur,7
street,7
honey,7
ahead,7
pura,7
sapphire,7
disturb,7
pouch,7
beckon,7
sorceress,7
shape,7
gleam,7
noble,7
balance,7
bridge,7
clutch,7
raj,7
fisherman,7
bagh,7
evil,7
shell,7
cool,7
rich,7
grasp,7
flash,7
add,7
faint,7
tuck,7
chaitanya,7
curse,7
knowingly,7
crown,7
stall,7
pocket,7
slightly,7
brighter,7
raise,7
get,7
boom,7
furrow,7
supply,7
brow,7
creep,7
capture,7
brighten,7
retrieve,7
goodbye,7
rest,7
draw,7
tomorrow,7
captivate,7
chamber,7
gracefully,7
sorry,7
offer,7
peek,7
tia,7
fierce,7
weight,7
instruct,7
accept,6
skin,6
embrace,6
season,6
scratch,6
pindara,6
growl,6
sweep,6
middle,6
announce,6
wooden,6
ensure,6
beware,6
ocean,6
frown,6
grass,6
fragrance,6
trek,6
eyed,6
leaf,6
hearted,6
write,6
struggle,6
thorn,6
blossom,6
red,6
glint,6
grateful,6
moonlight,6
confidence,6
ignite,6
fragrant,6
mystic,6
chest,6
joyful,6
window,6
amazement,6
action,6
ingredient,6
sunset,6
landscape,6
marvel,6
ollie,6
mighty,6
peace,6
joyfully,6
defeat,6
silly,6
greedy,6
distance,6
allow,6
instead,6
dangerous,6
build,6
cherished,6
wall,6
waste,6
swinge,6
envelope,6
responsibility,6
bhuvan,6
resonate,6
warmly,6
rise,6
character,6
letter,6
fortune,6
peacock,6
move,6
endless,6
gain,6
amba,6
chatter,6
dull,6
circle,6
soar,6
reward,6
swing,6
stage,6
amra,6
curl,6
boat,6
unlock,6
outside,6
honesty,6
entire,6
wildflower,6
taste,6
cut,6
poonam,6
shiver,6
thunder,5
scene,5
beard,5
battle,5
expand,5
starry,5
startle,5
lean,5
fail,5
gust,5
singe,5
belong,5
advise,5
fun,5
bustling,5
enchanting,5
dilli,5
peak,5
ripple,5
custard,5
image,5
cautious,5
playground,5
danger,5
glimpse,5
tingle,5
mural,5
thrill,5
purple,5
waterfall,5
performance,5
sheru,5
winding,5
connection,5
amrapur,5
intently,5
distant,5
lonely,5
victory,5
recall,5
tricky,5
overhear,5
trusty,5
flicker,5
carve,5
design,5
carving,5
necklace,5
scale,5
nymph,5
weather,5
one,5
mystical,5
party,5
introduce,5
gratefully,5
glade,5
hungry,5
hey,5
difference,5
atmosphere,5
receive,5
dash,5
folklore,5
cloak,5
harm,5
doubt,5
dress,5
sneer,5
slumber,5
charm,5
afraid,5
splash,5
note,5
apple,5
breathtaking,5
weave,5
bee,5
intricately,5
reflection,5
aside,5
tune,5
sign,5
dew,5
greeting,5
drop,5
unique,5
dig,5
wonderful,5
blink,5
happily,5
knowledge,5
hoot,5
dusty,5
wishes,5
require,5
overflow,5
eyebrow,5
prepare,5
ornate,5
rumor,5
exist,5
sparrow,5
city,5
tight,5
silent,5
graceful,5
candy,5
nervously,5
outskirt,5
legendary,5
spice,5
shoulder,5
loud,5
lock,5
sturdy,5
pang,5
possess,5
relatable,5
space,5
grab,5
current,5
settle,5
kitchen,5
attention,5
murmur,5
dish,5
bounce,5
dawn,4
age,4
recount,4
beautifully,4
table,4
sharing,4
cause,4
contain,4
admire,4
stick,4
relief,4
worthy,4
matter,4
kneel,4
ability,4
toy,4
dancer,4
princess,4
mane,4
mark,4
twisted,4
language,4
giggling,4
temple,4
plead,4
darken,4
enthusiasm,4
nectar,4
chutney,4
secure,4
famous,4
combine,4
tilt,4
climbing,4
renew,4
wrap,4
stomach,4
bed,4
rahul,4
talent,4
deepen,4
bound,4
queen,4
glimmering,4
adult,4
scared,4
chilling,4
vanish,4
sudden,4
leg,4
kabir,4
parent,4
admit,4
selfish,4
firm,4
beat,4
statue,4
tinge,4
hum,4
century,4
sadness,4
pack,4
secrets,4
quick,4
arun,4
chaos,4
ullu,4
freely,4
elderly,4
dry,4
roam,4
early,4
importantly,4
skip,4
shiny,4
malice,4
festivity,4
curiously,4
represent,4
flit,4
bell,4
bustle,4
witness,4
trail,4
depict,4
fiery,4
sage,4
shadowy,4
travel,4
dart,4
emphasize,4
cackle,4
hopeful,4
hiss,4
human,4
mist,4
have,4
stammer,4
lower,4
steep,4
easy,4
lantern,4
cranny,4
cold,4
confront,4
nook,4
unknown,4
nurture,4
unleash,4
scoff,4
hills,4
local,4
playfully,4
gaon,4
unfold,4
force,4
wag,4
staff,4
goblin,4
overcome,4
guava,4
silence,4
sacred,4
enthusiastically,4
depth,4
impressed,4
fog,4
progress,4
gathering,4
etch,4
father,4
tie,4
kiss,4
consider,4
flick,4
lung,4
jungle,4
trick,4
meaning,4
pose,4
wipe,4
pomegranate,4
dancing,4
stillness,4
knack,4
self,4
succeed,4
amazed,4
despite,3
claim,3
rolling,3
slice,3
gulp,3
wicked,3
unexpected,3
reflections,3
forth,3
spine,3
presence,3
act,3
bountiful,3
gate,3
craft,3
elegant,3
guru,3
tousle,3
precious,3
reason,3
twitch,3
shared,3
kid,3
floor,3
calm,3
pleased,3
thirsty,3
destroy,3
anger,3
fantastical,3
soothing,3
invitation,3
ruin,3
view,3
creak,3
freedom,3
worth,3
boulder,3
forge,3
piece,3
sincerely,3
summon,3
grandfather,3
descend,3
respond,3
underwater,3
flame,3
dirt,3
neighbor,3
destination,3
trust,3
ring,3
blow,3
round,3
traveler,3
selflessness,3
approvingly,3
flashlight,3
waft,3
bless,3
flute,3
orb,3
storytelle,3
count,3
pour,3
area,3
sand,3
drink,3
outsmart,3
tonight,3
half,3
investigate,3
chiku,3
mechanical,3
triumphant,3
vigorously,3
sorrow,3
makeshift,3
dive,3
domain,3
vision,3
confrontation,3
expect,3
curtain,3
rally,3
block,3
shift,3
question,3
present,3
scamper,3
discuss,3
priya,3
mixture,3
creativity,3
fluffy,3
choice,3
month,3
confident,3
price,3
reclaim,3
wilt,3
problem,3
jaipur,3
cautiously,3
part,3
footprint,3
everyday,3
glowing,3
convince,3
swim,3
hmm,3
puzzled,3
awake,3
sparkly,3
gemstone,3
dim,3
harvest,3
honor,3
smooth,3
clue,3
stare,3
cottage,3
skeptically,3
fine,3
countless,3
chant,3
future,3
feeling,3
yell,3
simple,3
gokul,3
paw,3
tradition,3
mop,3
setting,3
backdrop,3
aim,3
drive,3
satisfied,3
baby,3
audience,3
rhythm,3
applause,3
overwhelming,3
log,3
fountain,3
mischievously,3
joke,3
shore,3
crash,3
heritage,3
beach,3
sandy,3
wheat,3
trouble,3
alright,3
propose,3
knelt,3
basket,3
shroud,3
mirror,3
recite,3
ripen,3
mingle,3
darkest,3
beloved,3
squawk,3
infectious,3
doorway,3
pani,3
chirping,3
boundless,3
puri,3
duniya,3
spicy,3
lifetime,3
squeal,3
garland,3
pebble,3
nuzzle,3
atop,3
whimpering,3
cook,3
confess,3
sleeve,3
samosa,3
searching,3
invaluable,3
worthiness,3
traditional,3
boldly,3
amma,3
whirlwind,3
comprehend,3
foolish,3
breathe,3
pedestal,3
guidance,3
lair,3
sleep,3
skeptical,3
adjust,3
slip,3
banner,3
decoration,3
funny,3
token,3
response,3
thirst,3
correctly,3
fur,3
keyboard,3
imaginable,3
spectacle,3
bees,3
anandpur,3
dosa,3
decision,3
destiny,3
mangoes,3
iyer,3
sensation,3
town,3
bazaar,3
frightened,3
howl,3
raft,3
knot,3
wildfire,3
revive,3
colors,3
soil,3
annual,3
role,3
laden,3
earth,3
togetherness,3
throat,3
cheek,3
twirl,3
soak,3
cricket,3
flavor,3
symphony,3
puzzle,3
short,3
sapling,3
sprout,3
virtue,3
entertain,3
bhanpur,3
sketch,3
halt,3
effort,3
singing,3
engulf,3
perform,3
streams,3
cascade,3
winds,3
cheerfully,3
tiptoe,3
excite,3
movement,3
chance,3
distressed,2
soul,2
cheerful,2
keeper,2
ceremony,2
booming,2
approval,2
flight,2
sacrifice,2
health,2
conversation,2
drift,2
trepidation,2
showcase,2
bury,2
feature,2
weekend,2
bathe,2
coin,2
resort,2
accompany,2
iridescent,2
achieve,2
twisting,2
lightning,2
wither,2
vet,2
lend,2
guilt,2
partially,2
khandapur,2
fluttering,2
list,2
ma,2
history,2
provide,2
survey,2
triumph,2
prevail,2
transformation,2
wildly,2
object,2
unruly,2
paharganj,2
intention,2
nervous,2
scroll,2
crispy,2
stack,2
chorus,2
shopkeeper,2
pop,2
insert,2
narrative,2
itch,2
blossoms,2
development,2
permission,2
keyhole,2
surrounding,2
admiration,2
rummage,2
bonfire,2
parchment,2
stalk,2
quiet,2
landmark,2
grace,2
watchful,2
earnestly,2
biryani,2
eventually,2
lavender,2
meaningful,2
x,2
daily,2
indulge,2
herb,2
savor,2
vast,2
handwriting,2
needle,2
fate,2
delicate,2
resemble,2
trickle,2
mushroom,2
encouragement,2
strengthen,2
assure,2
noon,2
cultural,2
lot,2
disappointment,2
ethereal,2
kachnar,2
breakfast,2
fast,2
oneself,2
border,2
chattering,2
unyielding,2
drought,2
student,2
flank,2
cavern,2
ago,2
bank,2
nourish,2
fix,2
spiral,2
mustard,2
ravine,2
unsure,2
dragon,2
increasingly,2
exactly,2
whistle,2
incorporate,2
onward,2
raindrop,2
electric,2
summit,2
teacher,2
sidekick,2
spotlight,2
support,2
misty,2
mermaid,2
realization,2
textile,2
pulsate,2
climax,2
direction,2
heartstone,2
conviction,2
lunch,2
violently,2
construct,2
inquire,2
aisha,2
glitter,2
sell,2
rekindle,2
shrink,2
minute,2
threaten,2
passion,2
canopy,2
dhaman,2
scary,2
sob,2
proclaim,2
sad,2
sincerity,2
apart,2
usual,2
serene,2
control,2
fresh,2
wrinkle,2
whimper,2
reign,2
footstep,2
squint,2
chhatarpur,2
explode,2
trinket,2
selfless,2
amravati,2
best,2
burn,2
mythical,2
road,2
underestimate,2
possession,2
intensify,2
rocky,2
foreboding,2
flood,2
thin,2
fit,2
pottery,2
dazzle,2
eastern,2
page,2
gesture,2
tone,2
breathtake,2
lay,2
embody,2
study,2
collect,2
effect,2
tinkling,2
guardians,2
chubby,2
emotion,2
nervousness,2
size,2
proudly,2
portal,2
evident,2
lounge,2
leap,2
slingshot,2
denser,2
crumble,2
sweetest,2
flurry,2
neighboring,2
investigation,2
detective,2
haven,2
impact,2
backyard,2
wit,2
especially,2
demeanor,2
arrival,2
spring,2
jot,2
examine,2
faith,2
brightness,2
awaken,2
united,2
bind,2
rumble,2
aback,2
fight,2
ruffle,2
sneak,2
overpower,2
eerie,2
devise,2
invisible,2
mockingly,2
disappear,2
dazzling,2
aid,2
showdown,2
talking,2
weak,2
understanding,2
swan,2
press,2
crackle,2
garbage,2
pattern,2
display,2
uncertainty,2
soothe,2
session,2
freshly,2
rely,2
daydream,2
being,2
ancestor,2
release,2
surprised,2
ribbon,2
piano,2
commence,2
distribute,2
success,2
acknowledge,2
mission,2
fair,2
arc,2
proceed,2
infuse,2
smell,2
shrug,2
check,2
ray,2
stump,2
heartfelt,2
reality,2
sheepish,2
interrupt,2
connect,2
messy,2
stir,2
hollow,2
jasmine,2
determinedly,2
knee,2
maharashtra,2
halfway,2
juice,2
robe,2
recipe,2
pickle,2
dusk,2
hit,2
astonish,2
munch,2
vow,2
escapade,2
guy,2
feed,2
awaits,2
heal,2
ache,2
palm,2
agreement,2
busy,2
attempt,2
brew,2
breathless,2
exhilarate,2
deal,2
starlit,2
harmonious,2
pact,2
turquoise,2
grip,2
unforgettable,2
thoughtfully,2
pique,2
white,2
god,2
silhouette,2
uttarakhand,2
cleverness,2
brim,2
loyal,2
dog,2
thicket,2
lifeless,2
awestruck,2
pet,2
mesmerize,2
louder,2
produce,2
distress,2
clock,2
frequently,2
welcoming,2
bunch,2
thousand,2
bicycle,2
terrible,2
puppy,2
ajar,2
blessing,2
news,2
protective,2
belly,2
kick,2
leader,2
delightful,2
solemnly,2
anxiously,2
storybook,2
testament,2
dinner,2
insist,2
transformed,2
tease,2
completely,2
cheeky,2
bravado,2
fulfil,2
consume,2
opportunity,2
instinct,2
majestically,2
profit,2
aura,2
vegetable,2
tortoise,2
chikankheda,1
billow,1
tempting,1
loneliness,1
resist,1
favor,1
wane,1
dissolve,1
radha,1
lady,1
cost,1
suitable,1
deceive,1
accidentally,1
embarrassed,1
joyous,1
void,1
emptiness,1
inexplicable,1
boring,1
zoom,1
humming,1
fluid,1
floppy,1
spun,1
trembling,1
elegance,1
navigate,1
avoid,1
deceptive,1
illusion,1
confused,1
whirlpool,1
anymore,1
leafy,1
turning,1
plateau,1
building,1
flickering,1
auntie,1
fort,1
lid,1
include,1
myth,1
variety,1
literature,1
leaves,1
riot,1
lullaby,1
dilemma,1
resolution,1
vein,1
swift,1
peel,1
glistening,1
borrow,1
wits,1
broad,1
comfortable,1
impressive,1
load,1
rescue,1
locate,1
lip,1
solid,1
sister,1
uncertain,1
lamp,1
thoughtful,1
team,1
twice,1
cloth,1
commendable,1
mouthwatering,1
glass,1
toast,1
trip,1
oil,1
inspiration,1
seeker,1
pore,1
dessert,1
script,1
concentrate,1
tweet,1
scoop,1
rang,1
late,1
upstream,1
hint,1
embellish,1
playing,1
runner,1
chandanpur,1
bhatura,1
uh,1
guilty,1
fern,1
occasion,1
neighborhood,1
planning,1
date,1
tirelessly,1
animate,1
whip,1
pav,1
chole,1
bhaji,1
gulab,1
jamun,1
nodding,1
shoreline,1
apprehension,1
club,1
exception,1
detail,1
plot,1
length,1
bhature,1
anytime,1
frustration,1
extra,1
twig,1
boast,1
herd,1
trot,1
steam,1
raita,1
salad,1
tangle,1
descriptive,1
utilize,1
outline,1
troubled,1
limitless,1
brainstorming,1
excellent,1
idli,1
draft,1
chocolate,1
cake,1
triumphantly,1
victorious,1
coconut,1
sambar,1
unwavere,1
sticky,1
split,1
wrath,1
pillow,1
praise,1
encouragingly,1
intertwine,1
isolate,1
context,1
burden,1
engaging,1
difficult,1
fry,1
monkeys,1
twinge,1
essential,1
upcoming,1
biscuit,1
scarf,1
fairyland,1
salute,1
merrily,1
troop,1
tallest,1
cheering,1
squad,1
content,1
whoosh,1
deliciousness,1
undo,1
politely,1
elusive,1
winner,1
ultimate,1
prize,1
forbidden,1
scare,1
hunt,1
pale,1
freeze,1
coat,1
canvas,1
dramatically,1
carelessly,1
regain,1
deserve,1
hive,1
ashamed,1
reverse,1
regard,1
refuse,1
hike,1
tornado,1
playfulness,1
stomp,1
widely,1
plate,1
activity,1
throne,1
process,1
attire,1
retell,1
scramble,1
unending,1
dham,1
nicely,1
pant,1
cotton,1
ascend,1
gems,1
sort,1
artifact,1
contagious,1
lurk,1
snatch,1
urgently,1
mass,1
boldness,1
whirl,1
grey,1
reluctant,1
bad,1
intact,1
ornament,1
fuel,1
reunite,1
firmly,1
precision,1
attic,1
yellowed,1
address,1
aaji,1
previous,1
wandering,1
dissipate,1
scream,1
skillful,1
steer,1
turmoil,1
unstoppable,1
legged,1
founder,1
skeptic,1
grandparent,1
intrigued,1
document,1
directly,1
amid,1
shield,1
moss,1
channel,1
peaceful,1
defiantly,1
chaotic,1
cicada,1
rosy,1
clouds,1
king,1
jealousy,1
stormy,1
wickedness,1
rule,1
foolhardy,1
inhabitant,1
soundly,1
lazily,1
eerily,1
contrast,1
dismay,1
dwell,1
hot,1
shed,1
rebirth,1
pretend,1
pay,1
lustrous,1
admirable,1
siphon,1
rage,1
bedtime,1
bend,1
healthy,1
ill,1
exhausted,1
concede,1
detach,1
grumble,1
inner,1
humble,1
genuine,1
fulfill,1
cooler,1
blend,1
impart,1
acceptance,1
reverberate,1
mud,1
stair,1
straw,1
fascinating,1
unicorn,1
staircase,1
despair,1
easily,1
resolute,1
harness,1
chasing,1
bulb,1
compassionate,1
juiciest,1
pathway,1
thief,1
symbolize,1
ominously,1
explanation,1
wink,1
logical,1
pinch,1
confirm,1
order,1
unimaginable,1
cooking,1
version,1
transport,1
marketplace,1
shawl,1
shock,1
wonderstruck,1
panic,1
tour,1
headman,1
painting,1
disaster,1
jewelry,1
lump,1
sprint,1
swoop,1
higher,1
hopelessly,1
vacation,1
card,1
suspicious,1
baked,1
mention,1
cap,1
childhood,1
snake,1
secrecy,1
scribble,1
probably,1
descent,1
overhead,1
heirloom,1
beak,1
riddles,1
aha,1
candle,1
moonlit,1
jaggery,1
knock,1
greatly,1
prospect,1
craftsmanship,1
gilli,1
danda,1
fully,1
gradually,1
dedicate,1
returns,1
paradise,1
cradle,1
wand,1
whimsical,1
missing,1
plunge,1
sweetness,1
obtain,1
motion,1
dreamer,1
command,1
unshaken,1
tangled,1
chain,1
suggestion,1
resolve,1
sunbathe,1
congratulation,1
bolt,1
dearly,1
keys,1
describe,1
coral,1
prince,1
abundantly,1
someday,1
scarce,1
homeward,1
request,1
furious,1
spill,1
tow,1
affair,1
mysteriously,1
bestow,1
interesting,1
penchant,1
hanging,1
lick,1
barrier,1
huh,1
tranquility,1
devour,1
forgiving,1
protagonist,1
intimidating,1
damp,1
strain,1
surprising,1
sunglass,1
stardust,1
reverence,1
campaign,1
wobble,1
heartbeat,1
disperse,1
sustainably,1
rejoice,1
hail,1
reduce,1
abundant,1
hunger,1
engage,1
knight,1
daring,1
endlessly,1
hurt,1
vibration,1
fingertip,1
example,1
ware,1
broken,1
throw,1
resonant,1
thread,1
bead,1
weaving,1
stitch,1
patchwork,1
daunting,1
ganges,1
expectantly,1
waterway,1
silvery,1
glory,1
screech,1
emanating,1
defiant,1
charge,1
flee,1
blaze,1
prosper,1
distract,1
subcontinent,1
monster,1
revere,1
crawl,1
envision,1
apprehensive,1
sea,1
onyx,1
quality,1
drain,1
poor,1
occasionally,1
unseen,1
materialize,1
thicken,1
emanate,1
wisps,1
material,1
wreckage,1
tire,1
carpet,1
absolutely,1
greenish,1
regularly,1
visitor,1
scurry,1
wealth,1
fame,1
ball,1
exotic,1
sandcastle,1
giving,1
greenery,1
huddle,1
heave,1
pool,1
refreshing,1
stripe,1
swimming,1
reluctantly,1
bid,1
farewell,1
shoe,1
swiftly,1
case,1
doorstep,1
track,1
willingness,1
absence,1
reassuringly,1
event,1
plank,1
abandon,1
goddess,1
lively,1
slide,1
sunken,1
lily,1
glide,1
stroke,1
reassure,1
masterpiece,1
arch,1
textbook,1
swum,1
undiscovered,1
crocodile,1
hover,1
intrude,1
pearly,1
tooth,1
snouted,1
tongue,1
squeak,1
puff,1
unafraid,1
bask,1
patiently,1
bow,1
filling,1
waistcoat,1
gruff,1
suppress,1
baker,1
unaware,1
allure,1
healing,1
library,1
bounty,1
carrot,1
banana,1
unroll,1
impress,1
label,1
mid,1
suspend,1
tend,1
decorate,1
midnight,1
memorize,1
hesitantly,1
twilight,1
sip,1
courageous,1
align,1
dimly,1
squeeze,1
cluster,1
pretzel,1
radiating,1
paddle,1
lore,1
satish,1
creaky,1
blanket,1
kaleidoscope,1
alongside,1
iron,1
amidst,1
willing,1
rusty,1
mustache,1
grumpy,1
shyly,1
froze,1
fashion,1
back,1
pipe,1
handle,1
snap,1
integral,1
inquisitive,1
stern,1
firework,1
gasps,1
obstacle,1
confuse,1
dishearten,1
furry,1
tufte,1
coal,1
nimble,1
unease,1
launch,1
amiss,1
immediately,1
terribly,1
tea,1
bake,1
picnic,1
polluted,1
exploit,1
glove,1
camaraderie,1
debris,1
full,1
inquiry,1
misfortune,1
safeguard,1
overnight,1
contemplation,1
cricketer,1
yearn,1
adore,1
babbling,1
brook,1
ledge,1
protection,1
passionately,1
choke,1
horrified,1
underneath,1
preserve,1
swear,1
joking,1
nose,1
trials,1
property,1
trial,1
massive,1
peanut,1
unbreakable,1
helplessly,1
selfishness,1
serve,1
enchantment,1
fixate,1
confusion,1
harmless,1
ominous,1
falter,1
regret,1
ha,1
wildest,1
knotted,1
yellow,1
appearance,1
thinking,1
prosperous,1
hi,1
acorn,1
cordially,1
chop,1
twinkling,1
muse,1
parched,1
siren,1
readers,1
cow,1
significance,1
saree,1
wildlife,1
replace,1
caution,1
fabric,1
colossal,1
coil,1
interject,1
reside,1
lights,1
instill,1
trait,1
karnataka,1
gloomiest,1
braver,1
pry,1
finder,1
shriek,1
kurta,1
threat,1
townsfolk,1
convincing,1
crazy,1
fantastic,1
ally,1
foe,1
loudly,1
fellow,1
fuzzy,1
tap,1
kill,1
million,1
pain,1
repay,1
corridor,1
nudge,1
looking,1
flying,1
sharp,1
fang,1
promote,1
haunt,1
fruity,1
agile,1
fence,1
threshold,1
tickle,1
grandest,1
graze,1
kumar,1
businessman,1
alike,1
hush,1
concentration,1
ditch,1
reconsider,1
deliberation,1
project,1
eco,1
approximately,1
common,1
delhi,1
proposition,1
rickshaw,1
lane,1
stroll,1
regular,1
brass,1
startling,1
rani,1
money,1
weekly,1
allowance,1
homework,1
universe,1
perfectly,1
instantly,1
puris,1
creation,1
tangy,1
bowl,1
machinery,1
worker,1
construction,1
threatening,1
thump,1
drum,1
anxious,1
passionate,1
speech,1
car,1
separate,1
pierce,1
smug,1
protest,1
drip,1
condescension,1
drove,1
artisan,1
inscribe,1
reminisce,1
absorb,1
irritation,1
nonsense,1
waver,1
bulldozer,1
jut,1
series,1
deadline,1
skill,1
class,1
respectful,1
chin,1
extinguish,1
wrist,1
perseverance,1
downpour,1
rapidly,1
attract,1
source,1
suffer,1
wilted,1
solemn,1
guess,1
hurried,1
virtues,1
benefit,1
prouder,1
grassy,1
knoll,1
reappear,1
entice,1
overgrown,1
prickle,1
soothingly,1
fauna,1
supreme,1
clarity,1
flora,1
appreciate,1
anew,1
arrange,1
dadaji,1
decade,1
seeds,1
budge,1
asleep,1
initiative,1
fluff,1
maintain,1
heaven,1
miracle,1
spoil,1
melodiously,1
tired,1
lack,1
preparation,1
pile,1
option,1
perk,1
droop,1
nutrient,1
crack,1
wondrous,1
ghostly,1
treehouse,1
thrilled,1
chore,1
restoration,1
protector,1
region,1
firefly,1
vibrate,1
smelling,1
beheld,1
merely,1
auditorium,1
backstage,1
nerve,1
gown,1
wrench,1
deliver,1
wound,1
villain,1
overshadow,1
comedic,1
timing,1
duo,1
shelter,1
bedside,1
garment,1
ovation,1
drape,1
memento,1
convey,1
luminous,1
vibrantly,1
weightless,1
consideration,1
lantana,1
crouch,1
teller,1
trumpet,1
mess,1
subside,1
rehearsal,1
fearless,1
dangerously,1
aloo,1
parathas,1
cryptically,1
bolder,1
audition,1
empathy,1
select,1
forlorn,1
chat,1
rehearse,1
communicate,1
talented,1
amplify,1
rivalry,1
popular,1
somewhat,1
arrogant,1
relieve,1
escape,1
obey,1
lunchtime,1
sunrise,1
compete,1
actor,1
dialogue,1