Noun Phrase,Count
saint kitts,54
deep breath,25
heart swelling,24
warm glow,20
vibrant culture,20
vibrant colors,20
old man,19
golden hue,18
palm trees,15
young woman,15
journey begins,14
deep connection,14
rich tapestry,12
steel drums,11
young girl,11
# # # # chapter,11
rich history,10
coral reefs,10
open arms,10
mama zadie,10
sugar mill,10
warm breeze,9
turquoise waters,9
calypso music,9
warm sand,9
lush landscapes,9
old woman,8
salty breeze,8
warm golden hue,8
island home,8
true treasure,8
st. kitts,8
warm embrace,8
small boat,8
sustainable practices,8
salty air,8
elderly man,8
childhood friend,8
tropical flowers,7
young man,7
intricate carvings,7
lush rainforests,7
sugar plantations,7
vibrant flowers,7
old sugar mill,7
adventurous spirit,7
sun dip,7
small village,7
sweet scent,7
natural beauty,7
mr. thompson,7
dense foliage,7
black rock,7
golden glow,6
local fishermen,6
profound connection,6
gentle breeze,6
rich heritage,6
whispering wind,6
inexplicable connection,6
deep brown eyes,5
tranquil waters,5
bygone era,5
real treasure,5
whispering leaves,5
lush green hills,5
whisper secrets,5
golden hues,5
community center,5
annual festival,5
local historian,5
# # #,5
profound sense,5
endless possibilities,5
elderly woman,5
inspire others,5
silver hair,5
sun setting,5
dark hair,5
shiver run,5
tapestry woven,5
new beginnings,5
future generations,5
golden light,5
gold coins,5
gentle rustle,5
lush hills,5
local government,5
vibrant landscape,4
black hair,4
air thick,4
vast ocean,4
warm smile,4
small backpack,4
insatiable curiosity,4
beach clean-ups,4
waves lap,4
vibrant spirit,4
newfound clarity,4
local market,4
conch shell,4
familiar sights,4
lush landscape,4
pristine beaches,4
historical sites,4
deep sense,4
gentle waves,4
setting sun,4
northern coast,4
newfound determination,4
dark clouds,4
community meetings,4
new life,4
drawing visitors,4
whispering waves,4
jerk chicken,4
wooden box,4
rich culture,4
constant reminder,4
stark contrast,4
ocean breeze,4
own stories,4
colonial past,4
azure sea,4
treasure map,4
own story,4
silvery glow,4
old road,3
damp earth,3
soft light,3
radiant smile,3
fresh fruits,3
lush rainforest,3
mystical tree,3
marine biologist,3
vibrant coral reefs,3
voice firm,3
brilliant colors,3
night sky,3
vibrant green hills,3
island breeze,3
lush mountains,3
familiar voice,3
soft whisper,3
traditional dances,3
tight embrace,3
small island,3
search begins,3
golden rays,3
narrow streets,3
inexplicable energy,3
proud smile,3
deep-set eyes,3
small satchel,3
own right,3
local fisherman,3
city life,3
local artisans,3
countless hours,3
community leaders,3
evening breeze,3
local artist,3
vibrant greens,3
whispering tides,3
vibrant hues,3
inexplicable pull,3
marie rose,3
true wealth,3
ancient spirits,3
village square,3
soft breeze,3
new beginning,3
dark curls,3
familiar tug,3
rich mahogany,3
indomitable spirit,3
lush green mountains,3
handmade crafts,3
crystal-clear waters,3
capital city,3
lush greenery,3
colonial architecture,3
deep purples,3
sandy beaches,3
home—a place,3
vibrant tapestry,3
historical society,3
azure waters,3
soft glow,3
rocky outcrop,3
soft voice,3
distant laughter,3
mr. jenkins,3
environmental organizations,3
local library,3
granny maud,3
new adventure,3
rhythmic beats,3
local children,3
marine life,3
community meeting,3
full moon,3
new adventures,3
mrs. hodge,3
fish populations,3
# # # chapter,3
mr. jasper,3
mysterious encounter,3
voice gentle,3
wild mane,3
colorful wooden houses,2
familiar shores,2
face lit,2
narrow passages,2
large chamber,2
stone pedestal,2
ornate chest,2
inviting locals,2
cultural heritage,2
local artists,2
church bells,2
fresh coconut,2
vida samuel,2
favorite sundress,2
hibiscus flowers,2
mrs. duncan,2
ripe mangoes,2
chill run,2
forest floor,2
rough bark,2
golden shores,2
rocky path,2
entire island,2
nana lila,2
her—a desire,2
everyday life,2
community workshops,2
awareness campaigns,2
quaint village,2
local vendors,2
delicious food,2
nana mariah,2
local lore,2
world heritage site,2
newfound sense,2
tall man,2
ancient ruins,2
maya thompson,2
bittersweet ache,2
own path,2
long-lost embrace,2
warm golden glow,2
tropical blooms,2
bright smile,2
infectious energy,2
heart swell,2
wise eyes,2
sugar cane fields,2
colorful buildings,2
familiar pull,2
beautiful embrace,2
peace envelop,2
unbreakable bond,2
secret spots,2
adventurous heart,2
dark eyes,2
fateful morning,2
young artist,2
old lighthouse,2
island life,2
vibrant stalls,2
colorful fabrics,2
wild curls,2
fateful night,2
silent guardian,2
wooden house,2
electric thrill run,2
heavy heart,2
colorful decorations,2
rapt attention,2
deep blues,2
palm fronds,2
gathering storm,2
modest wooden house,2
educational programs,2
environmental stewardship,2
main square,2
legacy continues,2
annual tradition,2
coconut palms,2
voice melodic,2
vibrant scene,2
past life,2
fateful evening,2
blank canvas,2
unseen force,2
far-off cities,2
mysterious arrival,2
turquoise waves,2
lost treasure,2
dusty books,2
massive wave,2
expression thoughtful,2
pride swelling,2
vibrant island,2
open sea,2
own memories,2
energy envelop,2
iridescent shell,2
newfound purpose,2
vantage point,2
sudden gust,2
unexpected storm,2
joyous atmosphere,2
restless spirit,2
ancient tree,2
old chest,2
small library,2
gentle embrace,2
conspiratorial whisper,2
powerful spirit,2
rocky outcrops,2
mysterious island,2
setting sail,2
exotic birds,2
warm embraces,2
quest begins,2
emerald hills,2
herbal remedies,2
fiery oranges,2
twinkle overhead,2
colonial rule,2
expression somber,2
long day,2
makeshift stage,2
new sense,2
colonial era,2
colorful banners,2
conch pendant,2
old compass,2
steep hills,2
constant source,2
long shadows,2
distant lands,2
strange energy,2
deep rumble,2
eyes alight,2
stories woven,2
distant melody,2
gray hair,2
voice thick,2
young lady,2
# # # #,2
mia thompson,2
fresh mangoes,2
old sugar plantations,2
distant relatives,2
warm brown eyes,2
traditional crafts,2
old sugar plantation,2
pure heart,2
narrow path,2
ancient stone structure,2
ancient artifacts,2
vibrant landscapes,2
small sailboat,2
silver glow,2
easy smile,2
fragile ecosystem,2
coral health,2
town hall,2
sustainable development,2
news outlets,2
public hearing,2
true purpose,2
old friends,2
electric thrill,2
local delicacies,2
island—emerald greens,2
delicate ecosystems,2
calypso band,2
quaint building,2
sudden storm,2
new experiences,2
local community center,2
expression contemplative,2
world heritage,2
instant connection,2
journey continues,2
sunset paint,2
heart race,2
laughter filling,2
delicate balance,2
good evening,2
collective effort,2
mr. rowe,2
physical sense,2
old stone ruins,2
fire dancers,2
new generation,2
childhood home,2
tales woven,2
sandy path,2
new places,2
newfound friends,2
old coconut tree,2
young ones,2
old house,2
lush gardens,1
inexplicable restlessness,1
small backpack slung,1
floral sundress,1
own contemplations,1
ancient relics,1
ghost story,1
heart quicken,1
thick underbrush,1
unusual plants,1
colorful butterflies,1
steep inclines,1
small streams,1
magnificent peak,1
azure sky,1
rocky cliffs,1
dark cave,1
damp walls,1
ancient markings,1
serene rhythm,1
awestruck glances,1
island life—fishermen,1
pottery piece,1
island—its beauty,1
low rumble,1
fearful glances,1
chill creep,1
long tunic,1
natural fibers,1
serene state,1
discovery bore,1
new journey—one,1
contemporary works,1
playful smile,1
future held—together,1
vibrant villages,1
small roadside stalls setting,1
weekly foray,1
infectious laughter,1
tropical sun,1
colorful fabric,1
modest home,1
market day,1
vibrant bougainvillea,1
auntie rita,1
new piece,1
familiar dirt path,1
melodic rhythm,1
familiar faces,1
fragrant herbs,1
hand-crafted jewelry,1
island rocks,1
‘ round,1
whispering leaves.,1
sugarcane fields,1
sweet scent filling,1
dense canopy,1
earthy scent,1
damp soil,1
vibrant orchids,1
playful monkeys,1
majestic tree,1
ancient energy pulse,1
mind –,1
inviting villagers,1
voices lit,1
azure sea kisses,1
lush green mountains rise,1
maya clarke,1
familiar comfort,1
childhood memories,1
treacherous waters,1
fishermen return,1
daily catch,1
big brown eyes,1
late grandmother,1
festival preparations,1
coconut tart,1
traditional dance performances,1
magical wonderland,1
fish swim,1
clear blue water,1
vibrant fish,1
unusual formation,1
discovered—a sunken ship,1
early settlers,1
right way,1
dive site,1
colonial past—tales,1
sunny afternoon,1
uncovered—old coins,1
delicate ecosystem,1
sustainable tourism practices,1
need—a community,1
people—their stories,1
purpose—a guardian,1
distinctive sounds,1
small restaurant,1
modest establishment,1
famous goat water,1
hearty stew,1
daily life,1
old fishermen,1
volcanic peaks,1
legendary treasure,1
gentle melody,1
essentials—a journal,1
old compass—she,1
lush forest,1
small waterfall,1
miss elira,1
serene quietude,1
vibrant green carpet,1
rocky terrain,1
apprehension swelling,1
ancient carvings,1
woven baskets,1
intricate pottery,1
true treasure—her culture,1
gathering place,1
traditional costumes,1
true heart,1
heart captive,1
different kind,1
her—a struggle,1
big tech conference,1
colorful explosion,1
spicy food filling,1
handmade jewelry,1
delicate necklace,1
small silver charm,1
unexpected connection,1
physical reminder,1
contemplative state,1
ancestors—the laborers,1
old estates,1
old windmills,1
gentle demeanor,1
runaway slaves,1
prominent film festival,1
unique cultures,1
sleepless night,1
documentary proposal,1
steady support,1
festival date,1
cultural documentary category is…,1
familiar landscape,1
successful screenings,1
newfound opportunities,1
sounds wrapping,1
broad smile,1
purpose—to share,1
soul thrives,1
maya smith,1
small plane,1
robert l. bradshaw,1
international airport,1
fragrant air,1
long time,1
vibrant chaos,1
described—lush green hills,1
new vistas,1
fierce woman,1
sugar plantation,1
humble beginnings,1
treasures—lush rainforests,1
quaint streets,1
lively markets,1
old plantation house,1
old trunk,1
creaky lid,1
old letters,1
own family,1
powerful moment,1
stone structure,1
eerie chill,1
inexplicable presence,1
vibrant celebration,1
festivities—colorful parades,1
sweet sounds,1
traditional attire,1
beautiful dress,1
final day,1
ornate bottle,1
mere coincidence,1
departure day,1
bittersweet mix,1
vibrant corners,1
tight-knit community,1
early dawn,1
usual morning walk,1
smooth sand,1
whole life,1
cool surf,1
boat—a man,1
swift movements,1
lean frame,1
right place,1
island—their history,1
giant ceiba tree,1
free spirit,1
storm approaches,1
dark cloud,1
unexpected silence,1
wild beast,1
shore—a piece,1
search parties,1
wooden charm,1
somber silence,1
emotions rage,1
infectious smile,1
nearby island,1
thank god,1
new chapter,1
winds—a testament,1
rocky cliff,1
cool breeze,1
unfamiliar restlessness,1
quaint houses,1
maritime history,1
sailors home,1
goat water,1
nearby kitchens,1
tropical fruits,1
strange pull,1
azure depths,1
unspoken tension,1
expression pensive,1
journey—a celebration,1
once-vibrant land,1
mural—a depiction,1
souls home,1
gentle wave,1
vibrant streets,1
majestic mount,1
vibrant town,1
kitchen window,1
distant crash,1
callaloo soup,1
annual harvest festival,1
mysterious words,1
forgotten dreams,1
gentle breeze caress,1
island wrapping,1
harvest festival,1
own histories,1
kittian wind,1
azure waves,1
generations—a legacy,1
mystical creatures,1
melodic lullaby,1
sandy shores,1
lush foliage,1
bright blooms,1
inexplicable thrill,1
soft rustle,1
warm gust envelop,1
world needs,1
expression turning,1
stories—of brave warriors,1
village gatherings,1
fiery hues,1
beautiful islands,1
sun rises,1
gold coin,1
blue sea,1
radiant morning,1
caleb matthews,1
hands bore,1
warm sandy beaches,1
fellow fisherman,1
past storms,1
big project,1
relentless sheets,1
makeshift shelter,1
unspoken fears,1
lush beauty,1
severe blow,1
sea—the place,1
familiar figure,1
authentic experiences,1
local fish market,1
vibrant hub,1
local crafts,1
bridges across,1
sustainable practices—a balance,1
entity—a testament,1
many—a place,1
legendary tree,1
young historian,1
old texts,1
harshest conditions,1
magnetic force drawing,1
intricate patterns,1
ancient trunks,1
vibrant vines,1
purple flowers,1
vibrant festivals,1
dark clouds gathering,1
invasive species,1
natural landscape,1
reforestation efforts,1
sustainable tourism,1
environmental preservation,1
warm air,1
center stage,1
large bonfire,1
purpose—a commitment,1
true meaning,1
new generations,1
deep respect,1
vibrant blossoms,1
vibrant waters,1
powdery sand,1
maya leclerc,1
entire life,1
distant shores,1
gentle pull,1
sounds—the laughter,1
nearby stalls,1
delicate collection,1
iridescent stones,1
undeniable urge,1
creative process,1
own reflection,1
vivid tales,1
mysterious essence,1
tumultuous sea,1
before—a scene,1
turbulent waves,1
distant ship,1
stormy sky,1
local art festival,1
people wept,1
newfound confidence,1
mysterious relic,1
ancient stories,1
maya leclerc—the,1
familiar figure—a,1
own journey,1
brilliant hues,1
additional details,1
artistic process,1
sugar mas,1
colorful costumes,1
simple linen shirt,1
cargo shorts,1
concrete jungles,1
colorful scarf,1
bright yellow dress,1
carnival festivities,1
unexpected joy,1
secrets beneath,1
dormant volcano,1
soft white sands,1
old shipwreck,1
colorful corals,1
local beach shack,1
salty sea air,1
merchant ship,1
early days,1
local knowledge,1
perfect companion,1
treasure hunt,1
hunt begins,1
clear sky,1
clear blue waters,1
cool embrace,1
underwater realm,1
shadowy crevice,1
delicate jewelry,1
final surge,1
storm clouds,1
local museum,1
carnival celebrations,1
restless wanderings,1
celebration unfold,1
place—a home,1
ocean waves,1
journey—a journey,1
story encapsulates,1
unexpected places,1
own hearts,1
white sand,1
endless expanse,1
wove tales,1
windward isles—myths,1
peculiar tingle race,1
long past,1
evening chatter,1
fine evening,1
beach today…,1
right words,1
wonders—and dangers—that,1
starlit ocean,1
salty spray,1
supplies—some food,1
brave spirit,1
morning sun,1
modest vessel,1
skilled movements,1
own—lush jungles,1
vibrant markets,1
soft earth,1
thick carpet,1
ancient stone carvings,1
magnificent tree,1
windward isles.,1
long-lost sailors,1
stories press,1
familiar warmth,1
storytelling—a tradition,1
modest wooden structure,1
blue door,1
countless summers,1
back home,1
cardinal direction,1
vibrant hibiscus flowers,1
familiar scents,1
doubt crept,1
mysterious stranger,1
beach—a man,1
mysterious aura,1
restless beast,1
vibrant beaches,1
lively energy,1
music—a beach party,1
smiles infectious,1
place teaching,1
turtles hatch,1
gaze thoughtful,1
own life,1
final embrace,1
new apartment,1
journey—a reminder,1
rhythmic pulse,1
bright brown eyes,1
late afternoon,1
lush green forest,1
secret place,1
tranquil cove,1
ancient secrets,1
great explorer,1
small wooden box,1
old maps,1
delicate silver pendant,1
mysterious symbols,1
long-lost artifacts,1
bedroom floor,1
lush canopy,1
newfound maps,1
crystal-clear pool,1
world forgotten,1
own map,1
night drawing,1
gift—a reminder,1
inviting elders,1
deep appreciation,1
typical day,1
vibrant pastel houses,1
recent college graduate,1
white sand beaches,1
island—its music,1
own tales,1
lively banter,1
handwoven baskets,1
look—the look,1
flamboyant tree,1
red blossoms,1
tiny flags,1
great black rock,1
rock stands,1
respect nature,1
tropical air,1
rock reveals,1
adventure swelling,1
distant bird calls,1
sugarcane plants,1
bright sky,1
massive formation,1
legacy woven,1
belonging—a realization,1
curious tourists,1
new job,1
local community,1
pristine shores,1
ancient rhythm,1
bare feet,1
ancient spirit,1
fateful day,1
intricate drawings,1
deep wisdom,1
long pause,1
unknown return,1
supplies—fresh fruits,1
small knife—and,1
perfect opportunity,1
swift click,1
open waters,1
mysterious isle,1
golden sands,1
ordinary island,1
soft sands,1
ethereal glow,1
iridescent flowers,1
it—a chest,1
heavy lid,1
different now—more,1
curious eyes,1
starry sky,1
share stories,1
all—the power,1
rich past,1
eva martinez,1
untold tales,1
rum punch,1
corner table,1
youthful mischief,1
people—their struggles,1
powerful thing,1
old mill,1
valuable—the heart,1
true essence,1
need allies,1
land—the fishermen,1
fish market,1
fresh catch,1
old legend,1
old journal,1
loose floorboard,1
dreams amidst,1
rich narratives,1
profound gratitude,1
true treasure—the spirit,1
sweet invitation,1
own rhythm,1
unfold—one woven,1
warm brown skin,1
soft melody,1
safe passage,1
bountiful harvests,1
great storm,1
right moment,1
sweet song,1
secret grottos,1
cool air wrapping,1
faint light,1
shallow pool,1
smooth stones,1
wind—dark forces,1
essence return,1
mere fantasies,1
full moon festival,1
joyous sounds,1
warmth envelop,1
guardian—a protector,1
garden learning,1
everyday lives,1
gentle whisper,1
magical spirit,1
lush island,1
dense vegetation,1
painful memories,1
leather journal,1
delve deeper—beyond,1
late twenties,1
uncover stories,1
history books,1
complex puzzle—tales,1
quaint café,1
family tree,1
local archives,1
oral histories,1
harsh reality,1
old estate,1
plantation owner,1
deep friendship,1
long evenings,1
such profound emotions,1
souls—two hearts,1
own legacy,1
old family tree,1
grandmother decades,1
community gathering,1
diverse tapestry,1
of—a reunion,1
unbreakable ties,1
past events,1
reggae music,1
bright bougainvillea,1
wise woman,1
stone structure overgrown,1
sugar mill —,1
powerful symbol,1
rough stone walls,1
laborers —,1
small artifacts,1
thoughts — dreams,1
community event —,1
local materials,1
entire village,1
temporary gallery,1
vibrant music,1
watchful eyes,1
collective heritage,1
palpable silence,1
deep knowledge,1
forgotten relic,1
space —,1
rich tapestry —,1
indigenous people,1
collective narrative,1
official launch,1
entity —,1
unbreakable bonds,1
soft symphony,1
melodious blend,1
fifteen-year-old girl,1
vibrant market,1
ancestral stories woven,1
old buildings—she,1
undeniable pull,1
reluctant sigh,1
cozy kitchen,1
fresh herbs,1
ancient trees,1
weekly gathering,1
mysterious visitor,1
neat handwriting,1
far-off lands,1
ancient mariners,1
rocky walls,1
bioluminescent fungi,1
faint scent,1
transcend time,1
new ways,1
secret waterfalls,1
vivid picture,1
family history,1
celebration—a festival,1
culture—traditional dance,1
us—the power,1
final time,1
share echoes,1
curious spirit,1
midnight sky,1
rocky coastline,1
mystical place,1
folklore—the spirit,1
her—coconut palms,1
fellow adventurer,1
playful glint,1
camaraderie making,1
arduous trek,1
paradise—white sands,1
ethereal quality,1
palpable energy,1
small rock formation,1
warm waters,1
dreamlike haze,1
small pool,1
luminous breeze,1
awe evident,1
foreign stars,1
warm memory,1
heart resides,1
own tale,1
unbreakable connection,1
lush vegetation,1
charming lighthouse,1
countless sailors,1
dense jungles,1
lighthouse keeper,1
steep spiral staircase,1
usual glow,1
essentials—some bread,1
mysterious light,1
nearby rocky outcrop,1
bright blue sky,1
young boy,1
rocky slope,1
strange light,1
forgotten history,1
portal opens,1
opportunity slip,1
solid ground,1
luminescent leaves,1
strange creatures—ethereal beings,1
trials ahead,1
cross treacherous bridges,1
ancient puzzles,1
deepest fears,1
out—a labyrinth,1
way home,1
radiant crystal,1
entire landscape,1
ground shook,1
true adventure,1
lighthouse shone brighter,1
whispering shadows,1
leah johnson,1
home island,1
familiar scent,1
rekindling memories,1
bright greens,1
ripe fruits,1
kind spirit,1
darkest days,1
warm evening air,1
familiar creaks,1
neat bun,1
colonial history,1
old stories,1
spirits roam,1
anger—of shadows,1
narrow trail,1
ancient stone altar,1
presence—a whisper,1
memories—her childhood,1
voice bold,1
harmonious melody—a,1
great burden,1
full circle,1
legacy years,1
serene backdrop,1
small ferry,1
camera slung,1
vibrant sarong,1
lively streets,1
grandmother—a story,1
vibrant nightlife,1
calypso music filling,1
small open-air market,1
colorful fruits,1
juicy fruit,1
significant changes,1
vibrant paint,1
elderly men,1
strong woman,1
sugar plantation era,1
ms. eliza,1
gentle woman,1
serious expression,1
legend here—the legend,1
soft sand,1
black velvet,1
cool breeze envelop,1
encouraging others,1
story matters,1
waves frozen,1
lush green gem,1
blue expanse,1
ancestral land,1
voodoo spirits,1
magical creatures,1
familiar features,1
small pond,1
heart longs,1
sea salt,1
delicious aromas,1
colorful dress,1
vibrant patterns,1
mind—the laughter,1
forest—a place,1
community activities,1
modern dance,1
community gatherings,1
stories fade,1
echoes resound,1
town meetings,1
media attention,1
connection—a thread woven,1
developers withdrew,1
hard-won victory,1
fierce advocate,1
sun kisses,1
mountains cradle,1
verdant hills,1
new cultures,1
transform st.,1
young graduate student,1
quaint guesthouse,1
warm smiles,1
playful grin,1
palpable tension,1
own intentions,1
beautiful woman clad,1
pronounced—the calls,1
unseen creatures,1
dark corners,1
magnetic attraction,1
particular spot,1
wooden chest,1
swift motion,1
small dagger,1
gold necklace,1
sudden chill,1
lost—support education,1
health care,1
centuries past,1
verdant mountains,1
particular fondness,1
old sugar mill ruins,1
dense grove,1
cool shade envelop,1
large stone structure,1
seen—a relic,1
ancient architecture,1
stone edifice,1
energy pulse,1
regular visitor,1
cool stone floor,1
island needs,1
restore harmony,1
village elders,1
mere myth,1
spirits dwell,1
sunlight painting,1
dense thickets,1
steep cliffs,1
breathtaking—an endless horizon,1
azure ocean,1
brilliant sky,1
cave entrance,1
thick blanket,1
deepest fears—a,1
dark silhouette,1
her—a connection,1
radiant chamber,1
brilliant orb,1
warmth radiate,1
mind—ancient ceremonies,1
physical entity,1
vibrancy—the lush greens,1
stone temple,1
waves dance,1
greater—a lineage,1
picturesque shores,1
white sandy beach,1
emma clarke,1
corporate life,1
bitter breakup,1
unique flavors,1
particular evening,1
undeniable chemistry,1
simple joys,1
local festival,1
real st.,1
people —,1
new romantic entanglements,1
vibrant atmosphere,1
spicy jerk chicken,1
quieter corner,1
soft tune,1
bad breakup,1
toxic relationship,1
serene evening,1
tumultuous sky,1
local families,1
new path,1
community arts,1
music filling,1
drawing strength,1
individual experiences,1
beautiful life,1
moment —,1
vibrant heartbeat,1
golden sunlight,1
tale woven,1
vibrant life,1
old tales,1
captivating narratives,1
pirate treasures,1
warm afternoon,1
dusty chest,1
old photographs,1
small islands,1
uncanny knack,1
caribbean dream,1
watchful eye,1
sapphire waters,1
local festivals,1
moon cast,1
ancient cave,1
sea creatures,1
ornate compass,1
mist—a woman,1
long hair,1
valuable—ancient scrolls,1
watchful gaze,1
serene setting,1
maya hart,1
major project,1
palm tree,1
community needs,1
comprehensive study,1
recent years,1
confident exterior,1
childhood bedroom,1
life—her years,1
sea life,1
marine enthusiasts,1
diverse group,1
common purpose,1
vital role,1
brief introduction,1
underwater world,1
intricate formations,1
large sea turtle,1
turtle swam,1
close bond,1
local volunteers,1
beach bonfire,1
luxury resorts,1
local officials,1
educational workshops,1
collective strength,1
significant place,1
government officials,1
major storm,1
urgent call,1
surprising sight,1
local media,1
news reporters,1
interview volunteers,1
social media,1
construction plans,1
turning point,1
community representatives,1
new development plan,1
natural treasure,1
palm leaves,1
small café,1
siren song,1
smile infectious,1
grant wishes,1
price —,1
heart —,1
cool sand,1
physical location,1
inspiration —,1
collective spirit,1
elderly artisan,1
saint kitts.,1
cultural festival,1
island shone,1
traditional dance,1
quiet spot,1
annual event,1
world —,1
salty scent,1
lush hillsides,1
azure blues,1
uncover ways,1
unusual sight,1
bright colors,1
untold stories,1
ethereal beings,1
invite disaster,1
beautiful conch shell,1
vibrant coral fragments,1
small bottle,1
local rum—each,1
small group,1
gentle murmur,1
reefs ...,1
inviting fishermen,1
precious coral reefs,1
turning tide,1
local schools,1
encouraging children,1
art competitions,1
colorful fish,1
entire island community,1
distant echoes,1
nearby food stalls,1
fast pace,1
ancient tide,1
island whispers secrets,1
local markets,1
rich flavors,1
dusty tome,1
vibrant tales,1
ancestral spirits,1
attention—a legend,1
ancient treasure,1
treasure hunter,1
local guides,1
skilled hiker,1
hearing tales,1
skeptical eyebrow,1
land—a heartbeat,1
moss—a remnant,1
cool stones,1
blue sky,1
powerful pull,1
figure emerged—a,1
regal figure,1
true nature,1
newfound experiences,1
intense eyes,1
confronting shadows,1
story—a journal,1
physical items,1
treasures life,1
turquoise waters embrace,1
white sands,1
sweet fragrance,1
sunny shores,1
familiar coastline,1
favorite spot,1
lush overgrowth,1
hard work,1
sounds like…,1
own excitement,1
spicy fritters,1
intricate handmade crafts,1
beautiful lanterns,1
paper lanterns,1
symbolize hope,1
delicate design,1
soulful tune,1
grassy knoll,1
adventure ignite,1
various islands,1
whole world,1
new lands,1
warm hospitality,1
volcanic mountains,1
own beauty,1
internal conflict,1
friends… st.,1
physical exploration,1
warm sense,1
significant part,1
beginning—a fusion,1
island roots,1
thread woven,1
vibrant tale,1
whispering tide,1
sweet sugarcane,1
familiar paths,1
wooden pier,1
faint melodies,1
mischievous grin,1
hearing stories,1
old world,1
essentials—a water flask,1
thick clouds,1
tiny harbor,1
old timer,1
gray beard,1
morning breeze,1
sailor st.,1
stormy night,1
dusty aisles,1
ancient book,1
nautical charts,1
expert swimmer,1
ancient parchment,1
ominous mood,1
eerie shadows,1
strange carvings,1
cave walls,1
ancient symbols,1
bioluminescent algae,1
lay gold coins,1
brave souls,1
hearts swelling,1
own dreams,1
harbor—a testament,1
vibrant energy,1
maya thomlinson,1
vibrant past—stories,1
backpack slung,1
modern buildings,1
urgent need,1
gentle man,1
mr. edwards,1
dusty map,1
popular spot,1
infectious laugh,1
brilliant blue sky,1
local café,1
dear friend,1
youthful spirit,1
azure embrace,1
vibrant celebrations paint,1
amani johnson,1
fragrant blooms,1
heart—a desire,1
strong connection,1
emerald forest,1
distant rush,1
cooking spices,1
rekindle connections,1
communal garden,1
easy laughter,1
immediate connection,1
growing bond,1
starlit sky,1
vibrant display,1
traditional dish,1
traditional dress,1
life crept,1
acceptance letter,1
worries—the island,1
heart divided,1
bittersweet moments,1
journey ahead,1
new friendships,1
cultural shocks,1
long-distance conversations,1
fateful winter,1
familiar sight,1
long-lost daughter,1
warm hug,1
physical place,1
own—a journey,1
beautiful stories,1
distant chatter,1
tranquil beauty,1
southern coast,1
setting sun bore,1
peculiar sight,1
sleek yacht,1
white shirt,1
dark trousers,1
blue eyes,1
young local woman,1
keen sense,1
handsome stranger,1
usual tourist,1
charming smile,1
quiet nights,1
old journals,1
newfound companions,1
ancient walls,1
steep path,1
large mango tree,1
peaceful ruins,1
old ledger,1
mentions transactions,1
dense rainforest,1
distant call,1
howler monkeys,1
natural obstacles,1
ancient ceiba tree,1
quiet night,1
heavy wooden chest,1
intricate artifacts,1
time capsule,1
initial adventure,1
inviting embrace,1
25-year-old marine biologist,1
underwater wonders,1
usual easy gait,1
old pier,1
sudden decline,1
new development project,1
northern coast—an endeavor,1
delicate marine ecosystem,1
vibrant reefs,1
desolate patches,1
mere shadows,1
great idea,1
invite local fishermen,1
eager faces gathering,1
local leaders,1
melodic blend,1
intricate web,1
economic growth,1
island—the ocean,1
eyes wise,1
traditional spots,1
environmental issue,1
tides turn,1
community support,1
suits stark,1
community fuel,1
environmental safeguards,1
environmental impact,1
change—small patches,1
small victory,1
remarkable recovery,1
respect—a voice,1
# #,1
fresh bread,1
local bakery,1
lively tunes,1
urban life,1
thick fog,1
old fisherman,1
serene silence,1
place here…,1
film reel—the chaos,1
endless search,1
vibrant paintings,1
vibrant space,1
lively spirit,1
felt—the joy,1
artistic journey,1
ancient sugar plantations,1
mysterious event,1
stories intertwine,1
own story—of,1
eyes shone,1
renowned artist,1
vibrant depictions,1
vibrant flora,1
deep blue sky,1
warm sands,1
environmental science,1
evening doves,1
tone turning contemplative,1
dry season,1
sweet aroma,1
days painting signs,1
vibrant community,1
flowy dress,1
sunset oranges,1
ocean blues,1
joyous celebration,1
food stalls,1
performance—a tribute,1
main crowd,1
cool water,1
windward isles,1
new adventures—she,1
volcanic slopes,1
own lore,1
ancestors—of resilience,1
traditional music,1
intricate art forms,1
ancient fig tree,1
inexplicable urge,1
wind whisper,1
powerful realization,1
island needs voices,1
sustainable tourism initiative,1
wide grin,1
sustainable future,1
dream unfold,1
way home—where,1
warm people,1
vacation destination,1
fresh fruit,1
contagious enthusiasm,1
sun cast,1
final rays,1
annual carnival,1
vibrant parades,1
old sugar cane ruins,1
intricate designs,1
important ones,1
cool breeze wrapping,1
ocean currents,1
presence ethereal,1
old ruins,1
gathering supplies,1
offering comfort,1
book launch,1
familiar faces—lila,1
people everywhere,1
sea breeze,1
new horizons,1
lila matthews,1
gentle caress,1
vibrant cultures,1
good life,1
brave adventurers,1
unknown territories,1
gentle hum,1
humid afternoon,1
rocky shores,1
small cave,1
outside world,1
old wooden chest,1
cryptic symbols,1
possible dangers,1
small boat —,1
lush jungles,1
vibrant communities,1
colorful markets,1
new place,1
fateful afternoon,1
local music,1
new home,1
new journey,1
old life,1
homeward bound,1
familiar waters,1
mind —,1
countless stories,1
soft laughter,1
summer holidays,1
peculiar pull,1
legend—the heart,1
new vantage point,1
strange shimmer,1
newfound enthusiasm,1
shallow water,1
cool waves,1
rough surface,1
strange sensation,1
her—a warmth,1
woven shirt,1
colorful patterns,1
dear children,1
ordinary chest,1
gentle nod,1
silent agreement,1
soft click,1
colorful artifacts—handwoven baskets,1
vibrant fabric,1
colorful booths,1
vibrant whirlwind,1
local delicacies—goat water,1
fresh fish—while,1
true treasures,1
cultural events,1
art exhibits,1
own children,1
bittersweet memories,1
easy gait,1
bronze skin,1
easy conversation,1
teenage adventures,1
big family reunion,1
stomach churn,1
family reunion,1
colorful paintings,1
coconut rice,1
lanterns lit,1
endless opportunities,1
wooden bench,1
sudden wind,1
old attic,1
leather-bound journal,1
elegant handwriting,1
within—a letter,1
own experiences,1
eyes lit,1
history—the laughter,1
inviting friends,1
ghost town,1
right—the stories,1
new ones—each day,1
tranquil shores,1
island spirit—full,1
laughter rang,1
annual coconut festival,1
culinary delights—all,1
humble coconut,1
own recipe,1
coconut cakes,1
coconut cake,1
childhood stories,1
crafts—woven baskets,1
wood carvings,1
calypso rhythms,1
festival grounds,1
coconut conch fritters,1
coconut curry,1
coconut water,1
delicious offerings,1
sandy hair,1
coconut shell,1
vibrant fruit salad,1
coconut sugar candy,1
rhythmic sounds,1
steel pans,1
competition area,1
brilliant jewels,1
local chefs,1
culinary skills,1
head judge,1
tall woman,1
incredible contributions,1
tough decision,1
winner is…,1
delightful coconut cake,1
coconut palm—amara,1
island—its history,1
night air,1
story captures,1
coconut festival,1
additional character development,1
certain sections,1
new elements,1
