Story ID,Story,Prompt,Topic,sentiment,confidence
Japanese_1,"In the bustling town of Hanamori, a shy girl named Aiko discovers an ancient, magical cherry blossom tree that grants her wishes. As she learns to embrace her dreams, she befriends a mischievous fox spirit. Together, they embark on whimsical adventures, uncovering the importance of friendship, bravery, and believing in oneself.",Write a 50 word plot summary for a potential Japanese children's novel.,Japanese,fear,0.53
Japanese_2,"In a vibrant village where cherry blossoms bloom year-round, a shy girl named Hana discovers a magical paintbrush that brings her drawings to life. As she creates fantastical creatures, she learns the importance of friendship and courage. Together, they embark on an adventure to save her village from a looming shadow.",Write a 50 word plot summary for a potential Japanese children's novel.,Japanese,joy,0.99
Japanese_3,"In a whimsical village where dreams take flight, young Yuki discovers a hidden realm of magical creatures. With her newfound friends—a mischievous fox and a wise old turtle—she embarks on a quest to save their world from an encroaching darkness. Along the way, Yuki learns the power of friendship and bravery.",Write a 50 word plot summary for a potential Japanese children's novel.,Japanese,joy,0.99
Japanese_4,"In a quaint village, a shy girl named Aiko discovers a magical paintbrush that brings her drawings to life. With help from her enchanted creations, she embarks on a quest to save a fading rainbow, learning the power of friendship and courage. Together, they paint a brighter world for everyone.",Write a 50 word plot summary for a potential Japanese children's novel.,Japanese,joy,0.75
Japanese_5,"In a small village, ten-year-old Yuki discovers a magical cherry blossom tree that grants wishes. With her best friend Kaito, they embark on whimsical adventures, learning important lessons about friendship, kindness, and responsibility. As they face challenges, the duo realizes that true magic lies not in wishes, but in their hearts.",Write a 50 word plot summary for a potential Japanese children's novel.,Japanese,joy,0.98
Japanese_6,"In a bustling village, young Kiko discovers a magical bamboo flute that brings her drawings to life. With her new friends—a mischievous fox and a wise old turtle—Kiko embarks on exciting adventures, learning about friendship, courage, and the importance of protecting nature. Together, they must save their enchanted world from darkness.",Write a 50 word plot summary for a potential Japanese children's novel.,Japanese,joy,1.0
Japanese_7,"In a small village, a timid girl named Yumi discovers a magical forest where animals can talk. With the help of her new friends—a wise owl and a playful fox—she embarks on a quest to save the forest from a mysterious shadow, learning courage and friendship along the way.",Write a 50 word plot summary for a potential Japanese children's novel.,Japanese,fear,0.99
Japanese_8,"In a tranquil village, ten-year-old Haru discovers a hidden door to a magical forest. Accompanied by her spirited fox friend, Yuki, she embarks on an adventure to save the forest from an impending shadow. Along the way, they learn about friendship, courage, and the importance of protecting nature’s wonders.",Write a 50 word plot summary for a potential Japanese children's novel.,Japanese,joy,0.99
Japanese_9,"In a quaint village, young Yuki discovers a hidden door to a magical forest where animals speak and dreams come alive. With her mischievous fox friend, she embarks on adventures to save the forest from shadows threatening its magic. Together, they learn the importance of friendship, courage, and believing in themselves.",Write a 50 word plot summary for a potential Japanese children's novel.,Japanese,joy,1.0
Japanese_10,"In a quaint village, young Yuki discovers a hidden door to a magical realm filled with talking animals and enchanted forests. Guided by a wise fox, she embarks on a quest to save the land from an eternal winter. Along the way, Yuki learns the power of friendship and bravery.",Write a 50 word plot summary for a potential Japanese children's novel.,Japanese,joy,1.0
Japanese_11,"In a quaint village, young Yuki discovers a magical forest where animals speak and dreams come alive. When the forest faces danger from a greedy developer, Yuki teams up with her new friends—a wise owl and a playful fox—to protect their home. Together, they embark on an adventure of courage and friendship.",Write a 50 word plot summary for a potential Japanese children's novel.,Japanese,joy,0.71
Japanese_12,"In ""Kiki and the Moonlight Garden,"" a curious girl named Kiki discovers a hidden garden that blooms only under the moon. With the help of her mystical rabbit friend, she learns the importance of friendship and courage, ultimately solving the mystery of the garden while uniting her village in joy.",Write a 50 word plot summary for a potential Japanese children's novel.,Japanese,surprise,0.92
Japanese_13,"In a quaint village, a young girl named Yuki discovers a magical lantern that grants her three wishes. Each wish reveals hidden truths about her village's history and its forgotten spirits. As she learns the importance of balance, Yuki must choose wisely to protect her home and its enchanting legacy.",Write a 50 word plot summary for a potential Japanese children's novel.,Japanese,joy,0.98
Japanese_14,"In a quiet village, a curious cat named Kiki discovers a hidden door to a magical world. There, she befriends whimsical creatures and learns the importance of friendship and bravery. Together, they embark on a quest to save their enchanted realm from darkness, teaching Kiki the true power of believing in oneself.",Write a 50 word plot summary for a potential Japanese children's novel.,Japanese,surprise,0.76
Japanese_15,"In ""The Whispering Bamboo Grove,"" young Aiko discovers a hidden world where animals speak and trees share ancient stories. When the grove faces destruction, Aiko teams up with her new friends—a wise owl and a brave fox—to save their magical home. Together, they learn the power of courage and friendship.",Write a 50 word plot summary for a potential Japanese children's novel.,Japanese,joy,1.0
Japanese_16,"In a quaint village, young Hana discovers a magical lantern that brings her drawings to life. As her creations spill into the real world, she learns to balance imagination with responsibility. With the help of her friends, Hana embarks on whimsical adventures, uncovering the importance of friendship and creativity.",Write a 50 word plot summary for a potential Japanese children's novel.,Japanese,joy,0.97
Japanese_17,"In a vibrant village, young Aiko discovers a hidden garden guarded by a wise old fox. Together, they embark on magical adventures, learning the importance of friendship, courage, and nature. When darkness threatens their home, Aiko must unite her friends and unleash the garden's power to restore harmony and joy.",Write a 50 word plot summary for a potential Japanese children's novel.,Japanese,joy,0.99
Japanese_18,"In a vibrant village, young Hana discovers a magical brush that brings her drawings to life. As her creations help the villagers, dark clouds threaten their happiness. Hana must unite her friends and unleash her creativity to save the village, learning the power of imagination and friendship along the way.",Write a 50 word plot summary for a potential Japanese children's novel.,Japanese,joy,1.0
Japanese_19,"In a small village, a curious fox named Yuki discovers a hidden world of magical creatures. With the help of her new friends—a shy rabbit and a wise old turtle—Yuki embarks on an adventure to save their home from a looming storm, learning about teamwork and bravery along the way.",Write a 50 word plot summary for a potential Japanese children's novel.,Japanese,fear,0.79
Japanese_20,"In a small village, a curious girl named Yuki discovers a magical diary that brings her drawings to life. As her creations cause delightful chaos, Yuki learns the importance of creativity, friendship, and responsibility. With the help of her friends, she must restore balance before her imagination runs wild.",Write a 50 word plot summary for a potential Japanese children's novel.,Japanese,joy,0.74
Japanese_21,"In the enchanted village of Yume, a timid girl named Hana discovers a magical paintbrush that brings her drawings to life. With the help of her whimsical creations, she embarks on an adventure to save her village from a mysterious curse, learning bravery and friendship along the way.",Write a 50 word plot summary for a potential Japanese children's novel.,Japanese,fear,1.0
Japanese_22,"In a small village, young Akira discovers a hidden forest where animals speak and magic thrives. Together with his new friends—a wise fox and a playful rabbit—he embarks on a quest to save their home from an ancient curse. Along the way, Akira learns the true meaning of bravery and friendship.",Write a 50 word plot summary for a potential Japanese children's novel.,Japanese,joy,1.0
Japanese_23,"In a small village, a curious young girl named Aiko discovers a hidden door in a cherry tree. Each time she enters, she is transported to magical realms where animals talk and dreams come alive. With her new friends, Aiko learns the importance of courage, friendship, and believing in herself.",Write a 50 word plot summary for a potential Japanese children's novel.,Japanese,surprise,0.88
Japanese_24,"In the quaint village of Hanazawa, a curious girl named Aiko discovers a hidden garden where dreams blossom into reality. With the help of her talking cat, Kiki, Aiko embarks on magical adventures, learning the importance of friendship, courage, and believing in herself, while nurturing the garden's enchanting secrets.",Write a 50 word plot summary for a potential Japanese children's novel.,Japanese,surprise,0.64
Japanese_25,"In a small village, a curious girl named Aiko discovers a hidden garden filled with magical creatures. Each day, she learns valuable lessons about friendship, bravery, and kindness from her new friends. When danger threatens the garden, Aiko must rally her village to protect their newfound wonder and save the day.",Write a 50 word plot summary for a potential Japanese children's novel.,Japanese,joy,0.78
Japanese_26,"In a vibrant village hidden in the mountains, a shy girl named Emi discovers a magical talking fox named Kitsu. Together, they embark on a quest to restore the lost colors of the world, facing challenges and learning the importance of friendship, bravery, and believing in oneself along the way.",Write a 50 word plot summary for a potential Japanese children's novel.,Japanese,joy,0.98
Japanese_27,"In a quaint village, a young girl named Yuki discovers a magical snow globe that brings her dreams to life. With the help of her spirited fox companion, she embarks on enchanting adventures, teaching the villagers the power of imagination, friendship, and believing in dreams that sparkle like snowflakes in the sun.",Write a 50 word plot summary for a potential Japanese children's novel.,Japanese,joy,1.0
Japanese_28,"In a village surrounded by magical cherry blossom trees, young Hana discovers a hidden world where animals can talk. With her new friends—a mischievous fox and wise old turtle—Hana embarks on a quest to save the enchanted forest from a mysterious shadow, learning the power of friendship and courage along the way.",Write a 50 word plot summary for a potential Japanese children's novel.,Japanese,joy,0.96
Japanese_29,"In a small village, young Hana discovers a magical sakura tree that grants wishes. With her loyal friends, she embarks on whimsical adventures, learning valuable lessons about friendship and courage. As wishes come true, they must confront the consequences, ultimately realizing that true magic lies in kindness and believing in one another.",Write a 50 word plot summary for a potential Japanese children's novel.,Japanese,love,0.72
Japanese_30,"In a vibrant village, young Aiko discovers a hidden world where magical creatures reside. With her newfound friends, a mischievous fox and a wise turtle, she embarks on thrilling adventures to protect their home from a looming darkness. Together, they learn the importance of courage, friendship, and believing in oneself.",Write a 50 word plot summary for a potential Japanese children's novel.,Japanese,joy,1.0
Japanese_31,"In a whimsical forest, a shy fox named Kiko discovers a magical lantern that grants wishes. Alongside his brave squirrel friend, Taro, they embark on a journey to help their animal friends. They learn about courage, friendship, and the importance of sharing as they navigate the challenges of their enchanted world.",Write a 50 word plot summary for a potential Japanese children's novel.,Japanese,joy,0.74
Japanese_32,"In a small village, a curious girl named Yuki discovers a hidden, enchanted forest filled with talking animals and magical creatures. As she befriends them, they face a looming danger threatening their home. Together, they embark on a courageous adventure, learning about friendship, bravery, and the importance of protecting nature.",Write a 50 word plot summary for a potential Japanese children's novel.,Japanese,joy,0.96
Japanese_33,"In a bustling village, a shy fox named Kitsu discovers a magical brush that brings his drawings to life. With newfound friends—a brave rabbit and a wise old turtle—Kitsu embarks on a quest to save the village from a looming shadow. Together, they learn the power of friendship and courage.",Write a 50 word plot summary for a potential Japanese children's novel.,Japanese,joy,0.99
Japanese_34,"In a vibrant village, shy 10-year-old Aiko discovers a magical paintbrush that brings her drawings to life. Together with her playful creations, she embarks on whimsical adventures, learning about courage and friendship. When a shadowy figure threatens her village, Aiko must unleash her imagination to save her home and newfound friends.",Write a 50 word plot summary for a potential Japanese children's novel.,Japanese,joy,0.64
Japanese_35,"In a quiet village, young Yuki discovers a hidden forest filled with magical creatures. When the forest's heart begins to fade, Yuki embarks on a quest with her newfound friends—a mischievous fox and a wise owl—to restore its magic. Together, they learn the importance of friendship, courage, and belief.",Write a 50 word plot summary for a potential Japanese children's novel.,Japanese,joy,0.99
Japanese_36,"In a small village, a curious girl named Suki discovers a hidden door in an ancient cherry blossom tree. Inside, she finds a magical world where animals talk and dreams come alive. Suki embarks on adventures with her newfound friends, learning the importance of courage, kindness, and believing in herself.",Write a 50 word plot summary for a potential Japanese children's novel.,Japanese,surprise,0.61
Japanese_37,"In a vibrant village, young Sora discovers a magical kite that grants him the ability to communicate with animals. Together with his newfound friends—a wise fox and a playful rabbit—they embark on a quest to save their home from a looming storm, learning the power of friendship and courage along the way.",Write a 50 word plot summary for a potential Japanese children's novel.,Japanese,joy,1.0
Japanese_38,"In a magical forest, young Yuki discovers a hidden world where animals talk and dreams come alive. When a mysterious shadow threatens their harmony, Yuki teams up with a brave fox and a wise owl to save the forest. Together, they learn the true power of friendship and courage.",Write a 50 word plot summary for a potential Japanese children's novel.,Japanese,joy,0.79
Japanese_39,"In a quaint village, a curious girl named Hana discovers a hidden portal to the spirit world. With her loyal fox companion, she embarks on whimsical adventures, helping spirits solve their problems. Along the way, Hana learns the importance of friendship, bravery, and understanding the delicate balance between worlds.",Write a 50 word plot summary for a potential Japanese children's novel.,Japanese,love,0.98
Japanese_40,"In a vibrant underwater village, a curious little octopus named Taro dreams of exploring the surface world. When he discovers a magical pearl that grants wishes, Taro embarks on an adventurous journey. Along the way, he learns the importance of friendship, courage, and embracing his true self amidst challenges.",Write a 50 word plot summary for a potential Japanese children's novel.,Japanese,joy,0.99
Japanese_41,"In a quaint village, a shy girl named Aiko discovers a hidden garden where magical creatures reside. With the help of her new friends, she learns to embrace her uniqueness and confront her fears. Together, they embark on adventures, teaching Aiko the importance of friendship, courage, and believing in herself.",Write a 50 word plot summary for a potential Japanese children's novel.,Japanese,joy,0.57
Japanese_42,"In a vibrant village, young Hana discovers a magical ink that brings her drawings to life. With her newfound friends—a mischievous fox and a wise turtle—Hana embarks on adventures to save her home from an ancient shadow. Together, they learn the power of creativity, friendship, and courage in the face of darkness.",Write a 50 word plot summary for a potential Japanese children's novel.,Japanese,joy,1.0
Japanese_43,"In a bustling village, ten-year-old Mei discovers a hidden door in her grandmother’s attic that leads to a magical garden. There, she meets talking animals and learns to solve riddles to protect their world from a greedy spirit. With courage and friendship, Mei must save both gardens before time runs out.",Write a 50 word plot summary for a potential Japanese children's novel.,Japanese,anger,0.68
Japanese_44,"In ""The Whispering Woods,"" young Hana discovers a hidden forest inhabited by magical creatures. When her village faces a water shortage, Hana teams up with her new friends—a wise fox and a playful sprite—to embark on a quest to find the legendary Spring of Dreams, restoring balance to both worlds.",Write a 50 word plot summary for a potential Japanese children's novel.,Japanese,joy,0.99
Japanese_45,"In a tranquil village, a curious girl named Aiko discovers a hidden portal to a magical realm filled with talking animals and vibrant spirits. As she unravels the secrets of this enchanting world, Aiko learns the importance of friendship, courage, and believing in herself, embarking on a journey that changes her forever.",Write a 50 word plot summary for a potential Japanese children's novel.,Japanese,joy,0.86
Japanese_46,"In a quaint village, young Yuki discovers a hidden door to a magical realm filled with talking animals and enchanted trees. Teaming up with a brave fox, she embarks on a quest to save their world from darkness. Along the way, Yuki learns the power of friendship and courage.",Write a 50 word plot summary for a potential Japanese children's novel.,Japanese,joy,1.0
Japanese_47,"In a quaint village, young Hana discovers a magical paintbrush that brings her drawings to life. When her creations run amok, she must learn responsibility and teamwork to restore balance. Joined by her quirky friends, Hana embarks on an enchanting adventure, embracing her imagination while uncovering the true power of art.",Write a 50 word plot summary for a potential Japanese children's novel.,Japanese,joy,0.92
Japanese_48,"In a quaint village, a curious cat named Yuki discovers a hidden magical garden that brings toys to life. Teaming up with playful dolls and brave stuffed animals, Yuki embarks on whimsical adventures to protect the garden from a greedy sorcerer, teaching friends the importance of friendship and imagination.",Write a 50 word plot summary for a potential Japanese children's novel.,Japanese,joy,0.45
Japanese_49,"In a vibrant village, a shy girl named Hana discovers a magical paintbrush that brings her drawings to life. As her creations cause mischief, Hana learns to embrace her talents and responsibilities. With the help of newfound friends, they embark on a whimsical adventure, restoring harmony and celebrating creativity in their world.",Write a 50 word plot summary for a potential Japanese children's novel.,Japanese,joy,0.99
Japanese_50,"In a whimsical village, young Akira discovers a hidden door to a magical realm where animals speak and dreams come alive. With his newfound friends, he embarks on a quest to save the land from an eternal winter. Together, they learn the power of friendship, courage, and believing in oneself.",Write a 50 word plot summary for a potential Japanese children's novel.,Japanese,joy,0.99
Japanese_51,"In a quaint village, young Aiko discovers a magical book that brings her drawings to life. With her best friend, Kaito, they embark on whimsical adventures, learning important lessons about friendship and courage. As challenges arise, Aiko must find her inner strength to protect her village and the magic they cherish.",Write a 50 word plot summary for a potential Japanese children's novel.,Japanese,joy,0.99
Japanese_52,"In a vibrant village, young Hana discovers a hidden garden where magical creatures live. With the help of her newfound friends, she embarks on a quest to save the garden from an encroaching shadow. Along the way, Hana learns the importance of friendship, courage, and believing in herself.",Write a 50 word plot summary for a potential Japanese children's novel.,Japanese,joy,1.0
Japanese_53,"In a quiet village, a young girl named Aiko discovers a hidden, enchanted garden where animals speak and magic thrives. With her new friends, she embarks on whimsical adventures, learning valuable lessons about courage, friendship, and the importance of caring for nature. Together, they protect the garden from impending danger.",Write a 50 word plot summary for a potential Japanese children's novel.,Japanese,love,0.88
Japanese_54,"In a quaint village, a curious boy named Hiro discovers a hidden garden where magical creatures reside. Each creature holds a unique story. As Hiro befriends them, he learns valuable lessons about friendship, bravery, and understanding differences. Together, they embark on whimsical adventures, transforming their world and Hiro’s heart forever.",Write a 50 word plot summary for a potential Japanese children's novel.,Japanese,joy,0.85
Japanese_55,"In a vibrant village, young Yuki discovers a hidden realm where forgotten dreams come to life. Guided by a mischievous fox, she embarks on a quest to rescue lost wishes from the Shadow Keeper. Along the way, Yuki learns the power of friendship, courage, and believing in herself to restore hope.",Write a 50 word plot summary for a potential Japanese children's novel.,Japanese,joy,1.0
Japanese_56,"In a quaint village, young Hana discovers a hidden door to a magical garden where animals speak and dreams come alive. With her new friends—a wise turtle and a playful fox—she embarks on adventures, learning the importance of friendship, courage, and believing in oneself. But will she return home?",Write a 50 word plot summary for a potential Japanese children's novel.,Japanese,joy,1.0
Japanese_57,"In a quaint village, young Hana discovers a magical, talking cat named Kumo. Together, they embark on whimsical adventures through enchanted forests and hidden realms, learning about courage and friendship. When a shadowy figure threatens their home, Hana must summon her inner strength to protect her village and her newfound friend.",Write a 50 word plot summary for a potential Japanese children's novel.,Japanese,fear,0.84
Japanese_58,"In a vibrant village, young Hana discovers a magical paintbrush that brings her drawings to life. As her creations interact with the real world, she learns the importance of responsibility and friendship. With the help of her quirky companions, Hana must solve a mystery to save her village from a looming shadow.",Write a 50 word plot summary for a potential Japanese children's novel.,Japanese,joy,0.97
Japanese_59,"In a quaint village, young Hana discovers a mysterious, talking cat named Kumo. Together, they embark on a magical adventure to retrieve stolen dreams from a mischievous spirit. Along the way, Hana learns the importance of friendship, courage, and believing in herself, ultimately bringing joy back to her village.",Write a 50 word plot summary for a potential Japanese children's novel.,Japanese,joy,0.99
Japanese_60,"In a whimsical village, ten-year-old Yuki discovers a hidden door to a magical library where characters leap from books, sharing their adventures. With her new friends—a brave knight, a clever fox, and a kind dragon—Yuki embarks on a quest to save the library from a darkness threatening to erase stories forever.",Write a 50 word plot summary for a potential Japanese children's novel.,Japanese,joy,0.99
Japanese_61,"In a small village, a shy boy named Kaito discovers a magical forest where animals can talk. Guided by a wise old owl, he embarks on adventures to help the creatures solve their problems. Along the way, Kaito learns about friendship, courage, and embracing his true self, forever changing his life.",Write a 50 word plot summary for a potential Japanese children's novel.,Japanese,joy,0.92
Japanese_62,"In a vibrant village, a timid cat named Momo discovers a magical paintbrush that brings her drawings to life. As her whimsical creations escape, Momo must gather her courage and learn to embrace her creativity. With the help of friends, she embarks on a colorful adventure, spreading joy and friendship.",Write a 50 word plot summary for a potential Japanese children's novel.,Japanese,fear,0.98
Japanese_63,"In a vibrant village nestled between mountains, a curious girl named Yuki discovers a magical paintbrush that brings her drawings to life. As she explores enchanted realms, she learns to embrace her creativity. Together with newfound friends, Yuki must confront a shadowy creature threatening her village, unlocking courage and friendship.",Write a 50 word plot summary for a potential Japanese children's novel.,Japanese,joy,0.63
Japanese_64,"In a vibrant village, a curious girl named Aiko discovers a hidden world beneath her cherry blossom tree. With her playful fox companion, she embarks on whimsical adventures, solving riddles from magical creatures. Together, they learn the importance of friendship, courage, and embracing the beauty of nature, forever changing their lives.",Write a 50 word plot summary for a potential Japanese children's novel.,Japanese,joy,1.0
Japanese_65,"In a vibrant village, young Yuki discovers a magical lantern that illuminates hidden dreams. Each night, she embarks on whimsical adventures with her animal friends, helping villagers realize their aspirations. Through courage and kindness, Yuki learns the importance of believing in oneself, inspiring everyone to chase their dreams, big or small.",Write a 50 word plot summary for a potential Japanese children's novel.,Japanese,joy,1.0
Japanese_66,"In a quaint village, young Hana discovers a magical garden where dreams come to life. With her talking animal friends, she embarks on whimsical adventures, learning the importance of friendship, courage, and believing in oneself. As seasons change, Hana must protect the garden from an ancient curse threatening its magic.",Write a 50 word plot summary for a potential Japanese children's novel.,Japanese,joy,0.92
Japanese_67,"In a quaint village, young Yuki discovers a hidden world of magical creatures in her grandmother's attic. With her new friends—a mischievous fox and a wise old turtle—Yuki embarks on an adventure to save their fading magic. Together, they learn the importance of friendship, courage, and believing in oneself.",Write a 50 word plot summary for a potential Japanese children's novel.,Japanese,joy,1.0
Japanese_68,"When ten-year-old Yuki discovers a hidden door in her grandmother's garden, she unlocks the secrets of her family's past. Guided by a friendly fox spirit, Yuki embarks on magical adventures, learning the importance of courage and friendship. Together, they must protect a mystical world from a looming darkness.",Write a 50 word plot summary for a potential Japanese children's novel.,Japanese,joy,1.0
Japanese_69,"In a quaint village, a curious girl named Hana discovers a hidden door in a cherry blossom tree. This door leads to a magical world where animals speak and dreams come alive. With her newfound friends, Hana embarks on adventures, learning the importance of courage, friendship, and believing in herself.",Write a 50 word plot summary for a potential Japanese children's novel.,Japanese,joy,0.64
Japanese_70,"In a whimsical village, a curious girl named Aiko discovers a magical talking cat who can grant wishes. Together, they embark on adventures to help the townsfolk but soon learn that every wish has consequences. Aiko must choose between her dreams and the happiness of her friends in this enchanting tale.",Write a 50 word plot summary for a potential Japanese children's novel.,Japanese,surprise,0.65
Japanese_71,"In a quaint village, a shy girl named Hana discovers a magical paintbrush that brings her drawings to life. As her creations spark joy, they also attract trouble. With the help of her playful animal friends, Hana learns to embrace courage and creativity, transforming her world one brushstroke at a time.",Write a 50 word plot summary for a potential Japanese children's novel.,Japanese,joy,0.99
Japanese_72,"In a vibrant forest, shy fox Yuki discovers a magical talking lantern that grants wishes. With the help of her friends—a wise owl and a playful rabbit—Yuki learns the importance of friendship and bravery as they embark on an adventure to save their home from a looming darkness.",Write a 50 word plot summary for a potential Japanese children's novel.,Japanese,joy,1.0
Japanese_73,"In a vibrant village, young Sora discovers an ancient, talking petal that shows her the secrets of nature. Together, they embark on magical adventures, learning about friendship, bravery, and the importance of protecting their environment. As Sora grows, she inspires her village to cherish the beauty around them.",Write a 50 word plot summary for a potential Japanese children's novel.,Japanese,joy,1.0
Japanese_74,"In a quaint village, young Hana discovers a hidden, magical forest where animals speak and dreams come alive. With her new friends—a wise fox and a brave rabbit—she embarks on a quest to save the forest from a lurking darkness, learning courage and friendship along the way. Adventure awaits!",Write a 50 word plot summary for a potential Japanese children's novel.,Japanese,joy,1.0
Japanese_75,"In a magical forest, a timid rabbit named Taro discovers a hidden world where animals can speak. Guided by a wise old turtle, Taro embarks on a quest to unite the forest creatures against a creeping darkness. Along the way, he learns courage, friendship, and the power of believing in oneself.",Write a 50 word plot summary for a potential Japanese children's novel.,Japanese,fear,0.98
Japanese_76,"In a small village, young Akira discovers a magical paintbrush that brings his drawings to life. With his newfound power, he embarks on whimsical adventures, befriending creatures from his imagination. However, when chaos ensues, Akira must learn the responsibility of creativity and unite his friends to restore harmony.",Write a 50 word plot summary for a potential Japanese children's novel.,Japanese,joy,0.94
Japanese_77,"In a magical village hidden in the mountains, a curious girl named Yuki discovers a secret door to a realm of forgotten creatures. With her newfound friends, she must solve riddles and face challenges to restore harmony between their worlds, learning about courage, friendship, and the power of believing in magic.",Write a 50 word plot summary for a potential Japanese children's novel.,Japanese,surprise,0.86
Japanese_78,"In a quaint village, a young girl named Hana discovers a hidden garden where forgotten toys come to life. With her new friends, she embarks on magical adventures, overcoming challenges and learning the importance of friendship, imagination, and kindness. Together, they must save the garden from fading into oblivion.",Write a 50 word plot summary for a potential Japanese children's novel.,Japanese,joy,0.99
Japanese_79,"In a sleepy village, a curious girl named Hana discovers a hidden door in an ancient cherry tree. Inside, she finds a magical world of talking animals and enchanted beings. With her new friends, Hana embarks on adventures to save their home from a looming darkness, learning bravery and friendship along the way.",Write a 50 word plot summary for a potential Japanese children's novel.,Japanese,joy,0.46
Japanese_80,"In a bustling village, young Yuki discovers a hidden world filled with talking animals and magical plants. When the village faces a mysterious drought, Yuki and her newfound friends embark on a quest to restore balance to nature. Together, they learn the power of friendship, courage, and environmental stewardship.",Write a 50 word plot summary for a potential Japanese children's novel.,Japanese,fear,0.9
Japanese_81,"In a quiet village, young Hana discovers a magical paintbrush that brings her drawings to life. With her newfound friend, a mischievous fox named Kitsu, they embark on whimsical adventures, facing challenges and fears. Together, they learn the importance of creativity, friendship, and believing in oneself, sparking joy in their community.",Write a 50 word plot summary for a potential Japanese children's novel.,Japanese,joy,0.99
Japanese_82,"In a bustling village, young Hiro discovers a magical kappa in a hidden pond. Together, they embark on whimsical adventures, solving village mysteries while learning the importance of friendship and understanding nature. When danger threatens their home, Hiro must unite the villagers and the kappa to protect their beloved land.",Write a 50 word plot summary for a potential Japanese children's novel.,Japanese,joy,0.94
Japanese_83,"In a quaint village, young Taro discovers a hidden world of magical creatures living in the cherry blossom trees. With his newfound friends, he embarks on a quest to save their home from a greedy developer. Together, they learn the value of friendship, nature, and the importance of believing in oneself.",Write a 50 word plot summary for a potential Japanese children's novel.,Japanese,anger,0.94
Japanese_84,"In a whimsical village where dreams take flight, young Hana discovers a hidden garden filled with magical creatures. With the help of her newfound friends, she embarks on a quest to save the garden from a looming darkness. Together, they learn about friendship, bravery, and the power of believing in dreams.",Write a 50 word plot summary for a potential Japanese children's novel.,Japanese,joy,0.98
Japanese_85,"In a magical forest, young Hana discovers a hidden world of talking animals and enchanted plants. Together with her newfound friends, she embarks on a quest to save their home from a dark shadow threatening to consume it. Through bravery and friendship, Hana learns the true power of believing in herself.",Write a 50 word plot summary for a potential Japanese children's novel.,Japanese,joy,0.98
Japanese_86,"In a vibrant village, a young girl named Yuki discovers a hidden door to a magical realm where animals speak and nature thrives. Teaming up with a mischievous fox and a wise old turtle, Yuki embarks on a quest to save the realm from darkness, learning courage and friendship along the way.",Write a 50 word plot summary for a potential Japanese children's novel.,Japanese,joy,1.0
Japanese_87,"In a small village, young Miko discovers a hidden door to a magical garden where animals talk and flowers sing. With her newfound friends, she embarks on adventures to save the garden from a shadowy figure intent on stealing its magic. Together, they learn the power of friendship and courage.",Write a 50 word plot summary for a potential Japanese children's novel.,Japanese,joy,0.7
Japanese_88,"In a small village, a curious girl named Yumi discovers a magical lantern that brings her drawings to life. With her newfound friends—a playful fox and a wise old turtle—Yumi embarks on adventurous quests to save her home from darkness, learning the power of imagination, friendship, and courage along the way.",Write a 50 word plot summary for a potential Japanese children's novel.,Japanese,joy,0.98
Japanese_89,"In a vibrant village, young Hana discovers a magical brush that brings her drawings to life. As her creations—playful animals and whimsical plants—cause delightful chaos, Hana learns the importance of responsibility and friendship. Together with her creations, she embarks on a journey to restore balance and spread joy in her community.",Write a 50 word plot summary for a potential Japanese children's novel.,Japanese,joy,1.0
Japanese_90,"In a quaint village, young Akira discovers a hidden door to a magical realm. Accompanied by a talking fox, he embarks on a quest to save enchanted creatures from an evil sorcerer. Along the way, Akira learns the importance of friendship, courage, and believing in himself to overcome darkness.",Write a 50 word plot summary for a potential Japanese children's novel.,Japanese,joy,0.99
Japanese_91,"In a quaint village, young Aiko discovers a hidden door to a magical world where forgotten spirits reside. With her talking cat, Kiki, she embarks on adventures, solving riddles and helping spirits regain their lost memories. Together, they learn about friendship, courage, and the importance of embracing one’s past.",Write a 50 word plot summary for a potential Japanese children's novel.,Japanese,joy,0.97
Japanese_92,"In a quaint village, a curious girl named Yuki discovers a magical lantern that grants wishes. With her friends, she embarks on whimsical adventures, learning important lessons about kindness, courage, and the true meaning of happiness. As they navigate enchanting realms, they uncover the power of friendship and the beauty of sharing.",Write a 50 word plot summary for a potential Japanese children's novel.,Japanese,surprise,0.55
Japanese_93,"In a quiet village, a curious girl named Hana discovers a hidden garden filled with magical creatures. Each creature shares a unique lesson about friendship, kindness, and courage. Together, they embark on whimsical adventures, teaching Hana that even the smallest acts of bravery can lead to the greatest discoveries and friendships.",Write a 50 word plot summary for a potential Japanese children's novel.,Japanese,surprise,0.49
Japanese_94,"In a small village, a curious girl named Hana discovers a hidden world of magical creatures. With her new friends, a mischievous fox and wise old turtle, she embarks on adventures that teach her about courage, friendship, and the importance of protecting nature. Together, they must save their enchanted forest.",Write a 50 word plot summary for a potential Japanese children's novel.,Japanese,joy,0.94
Japanese_95,"In a small village, a shy girl named Yuki discovers a magical talking fox who leads her on whimsical adventures through enchanted forests. Together, they must solve riddles and help forest animals in trouble. Along the way, Yuki learns about friendship, courage, and finding her voice in a vibrant world.",Write a 50 word plot summary for a potential Japanese children's novel.,Japanese,joy,0.89
Japanese_96,"In a vibrant village hidden in the mountains, a curious girl named Suki discovers a magical origami crane that grants wishes. As she navigates friendship, bravery, and the importance of kindness, Suki learns that true magic lies not in wishes, but in the bonds she creates and the adventures she shares.",Write a 50 word plot summary for a potential Japanese children's novel.,Japanese,joy,0.59
Japanese_97,"In a quaint village, a shy girl named Hana discovers an enchanted garden where mythical creatures seek her help. Together, they embark on a magical adventure to restore harmony between humans and nature, facing challenges that teach Hana courage, friendship, and the importance of believing in herself to create a brighter world.",Write a 50 word plot summary for a potential Japanese children's novel.,Japanese,joy,0.95
Japanese_98,"In a quaint village, young Mei discovers a hidden garden that blooms only under moonlight. With the help of her talking cat, Yuki, she learns to nurture magical flowers. As she grows, Mei must protect the garden from a greedy sorcerer, unveiling her true strength and the power of friendship.",Write a 50 word plot summary for a potential Japanese children's novel.,Japanese,anger,0.98
Japanese_99,"In a vibrant village, a curious girl named Yuki discovers a hidden forest where mythical creatures dwell. When the forest's magic begins to fade, Yuki teams up with a mischievous fox and a wise old turtle to restore balance. Together, they embark on a thrilling adventure filled with friendship and bravery.",Write a 50 word plot summary for a potential Japanese children's novel.,Japanese,joy,0.96
Japanese_100,"In a magical village, eleven-year-old Yuki discovers an ancient, talking cat named Kumo. Together, they embark on a quest to find the lost Rainbow Crystal, which grants happiness. Facing whimsical creatures and solving riddles, Yuki learns the true meaning of friendship and courage, ultimately bringing joy back to her village.",Write a 50 word plot summary for a potential Japanese children's novel.,Japanese,joy,0.95
