stories,sadness,joy,fear,disgust,anger
"Mira returns to her childhood village, Kashi, seeking solace after her parents' tragic death. Upon arrival, she discovers unsettling whispers from the Ganges, signaling a disturbance in the village’s harmony. As she learns of the river's cries for connection, Mira leads the community in honoring their past, restoring balance and unity.",0.387987,0.321705,0.047084,0.013789,0.020751
"In ""The Silence of the Monsoon,"" Anaya Rao returns to her village, Kalapathar, after five years in Mumbai. Reconnecting with her roots, childhood friend Rahul, and the village's spirit, she discovers a calling to tell their stories. Amidst monsoon storms, Anaya finds purpose, resilience, and a true sense of home.",0.381117,0.469918,0.072553,0.011097,0.013002
"In ""The Fragrance of Marigolds,"" Maya returns to her ancestral home in Pushkar after years in Mumbai, seeking to rediscover herself amid family and childhood memories. As she navigates tradition and modernity, she rekindles her passion for art, ultimately blending her past with future aspirations while embracing her roots.",0.055088,0.806608,0.021001,0.007078,0.012508
"In Varanasi, the monsoon awakens memories for Asha Rao, who struggles with loss and grief. Reconnecting with childhood friend Arjun during the Chhath festival, they share stories and rekindle dreams. Together, they embrace healing and hope, finding renewal in love and the promise of new beginnings beneath the rain’s embrace.",0.450568,0.600484,0.042386,0.00687,0.00543
"Meera, a textile designer, leaves Mumbai for Jaisalmer to reconnect with her heritage. Inspired by a legend of a mystical shawl, she embarks on a quest through the desert with historian Ayaan. Their journey reveals ancient secrets, ultimately leading to the shawl, which transforms her designs and honors her ancestors.",0.252113,0.737297,0.03876,0.007561,0.020588
"**Plot Summary:**

Aditi Mehra returns to her childhood village, Kalyanpur, after years in Mumbai, only to find the community struggling with unpredictable monsoons. Inspired by local farmers’ hardships, she initiates a campaign to raise awareness and support sustainable practices. Aditi’s journey transforms her roots into a future of hope and resilience.",0.259943,0.565794,0.150343,0.014806,0.016434
"In ""Whispers of the Ganges,"" Meera, a passionate architecture student, grapples with familial expectations while dreaming of restoring a temple along the Ganges. Partnering with Arjun, they unite the community to overcome challenges, including a devastating flood. Their project transforms lives, bridging tradition and modernity, and deepening personal connections.",0.218569,0.452055,0.07516,0.019341,0.026508
"In ""The Monsoon Daughter,"" Aditi returns to her village, Kalapathar, during the monsoon to confront a water crisis fueled by corruption. As a journalist, she uncovers the truth behind the villagers' suffering, inspiring hope and collective action. Through courage and resilience, she ignites change, intertwining her journey with her roots.",0.326407,0.43848,0.084114,0.018783,0.048963
"In *The Whispering Banyan*, journalist Taran travels to the village of Kharagpur to cover a story about an ancient banyan tree. As he uncovers local legends of love and loss, he forms deep connections with the villagers, particularly Maya. Taran discovers the transformative power of stories and the enduring nature of love, ultimately redefining his own path.",0.206081,0.575623,0.024075,0.008779,0.032712
"In ""The Threads of Time,"" Anjali Sharma returns to her ancestral village after her grandmother's death, uncovering hidden family stories that reveal love and loss. As she reconnects with her roots and childhood friend Neeta, Anjali transforms her grandmother's legacy into an illustrated book, honoring their shared history and resilience.",0.220273,0.34104,0.023488,0.005819,0.039727
"**Plot Summary:**

After her grandmother's death, Anika Sharma returns to her childhood village of Taalpur, where the monsoon's arrival stirs memories and emotions. Amidst mourning, she discovers her grandmother's diary, revealing a legacy of love and courage. As Anika reconnects with childhood friend Arjun, she faces a choice: return to her city life or embrace a new beginning grounded in community, love, and self-discovery.",0.21475,0.402695,0.134334,0.008569,0.020477
"In ""The Echoes of Benares,"" historian Sanjay Mehta returns to his ancestral city, uncovering a lost manuscript by his grandfather that reveals a hidden temple to the forgotten goddess Devi Jaya. As he revives her legacy through a grand Festival of Lights, Sanjay discovers his own connection to Benares' rich spiritual tapestry.",0.340209,0.546955,0.035616,0.009704,0.034624
"In ""The Echo of the Banyan Tree,"" Aakash returns to his village Kumbh after a decade in the city, seeking purpose. Amid nostalgic reunions and village transformations, he discovers fulfillment in teaching local children. Embracing his roots, Aakash fosters dreams and connections, ultimately choosing to nurture his community's future beneath the banyan tree.",0.228622,0.751499,0.031116,0.007106,0.009338
"In ""The Threads of Time,"" Meera returns to her ancestral village, seeking inspiration for her fashion collection. Uncovering her grandmother's legacy and the story of Rani Kiran, a legendary figure, she bridges tradition and modernity. Through collaboration and resilience, she revives local artistry, creating a tapestry of hope and unity.",0.093298,0.907093,0.015144,0.020996,0.00995
"In a drought-stricken Maharashtra village, sixteen-year-old Aditi Patil yearns for a life beyond her family's struggles. When a charming traveler named Raghav offers her a chance to pursue education in Pune, Aditi faces a daunting choice between familial duty and her dreams. As summer fades, she embraces her future.",0.50987,0.271149,0.043589,0.008743,0.017399
"In ""The Last Train to Manali,"" Anuj Rao, a travel writer, returns to his roots in Manali, seeking connection and inspiration. On his journey, he meets Priya, a poet escaping city life. Together, they uncover stories, forge a deep bond, and decide to build a new life centered around their passions.",0.174994,0.777353,0.018627,0.00725,0.011368
"In ""The Threads of Fate,"" Anjali, a talented weaver in Kanchipuram, aspires to create sarees that honor her heritage and the stories of powerful women. As she navigates her dreams and family expectations, she finds support in Aryan, a businessman. Together, they weave a future that embraces both tradition and ambition.",0.111217,0.738781,0.024723,0.026061,0.021643
"In the vibrant village of Kalapathar, the monsoon breathes life into the landscape and its people. Painter Arjun struggles with inspiration until a young girl, Kalpana, rekindles his passion. Alongside his sister Meera, they unite art and photography, creating an exhibition that celebrates their home, its stories, and the magic of rain.",0.267394,0.618625,0.02406,0.013985,0.013169
"In the village of Kalyanpur, sixteen-year-old Anaya dreams of a mysterious figure by the sea. Compelled to embark on a journey, she travels to Varanasi and then to Mandvi, where she discovers the figure is Ayaan, with whom she shares a profound connection. United by destiny, they unravel their intertwined stories and find purpose in their pasts.",0.12035,0.644851,0.059574,0.017663,0.016304
"In ""The Threads of Fate,"" Aditi, a talented weaver in Varanasi, yearns for adventure beyond her craft. After showcasing her sarees at a festival, she receives encouragement from artist Arjun. When her ailing grandmother calls her home, Aditi must balance family ties with her dreams, ultimately creating a legacy that intertwines heritage and ambition.",0.110219,0.643627,0.039477,0.022196,0.0182
"In ""The Threads of Fate,"" Aditi, a talented weaver from Kalyanpur, and Rohan, an aspiring potter, form a deep bond during the annual Craft Festival. As their dreams and responsibilities pull them apart, Aditi must choose between a prestigious opportunity in Mumbai and her love for Rohan, ultimately discovering that true connection endures time and distance.",0.080295,0.764243,0.011126,0.006322,0.014176
"**Plot Summary:**

In ""Shadows of the Ganges,"" seventeen-year-old Meera Sharma seeks to break free from traditional expectations in Varanasi. Accepted into a prestigious university in Delhi, she discovers her passion for art while grappling with homesickness and identity. Ultimately, she learns to balance ambition with her roots, finding fulfillment through her art and community.",0.238411,0.494047,0.140638,0.0147,0.046582
"In ""The Chaiwala's Secret,"" Ramesh, a chai vendor in Varanasi, yearns to share stories that unfold at his stall. When old friend Nandan proposes they write a book together, Ramesh's dreams begin to intertwine with his father’s legacy. As he navigates success and challenges, he discovers his true voice.",0.09896,0.865195,0.04975,0.009594,0.017847
"In **The Monsoon Whisper**, Aisha Khan returns to her childhood home in Chandni Chowk to care for her ill grandmother. Reconnecting with her roots, she teams up with childhood friend Rohan to document their community's stories. Through shared memories and newfound purpose, Aisha embraces her identity and the power of storytelling.",0.471708,0.264707,0.039791,0.010956,0.015274
"In the enchanting Tirthan Valley, artist Aarav seeks solace from his corporate life, rediscovering his passion for painting. He forms a deep connection with local artist Meera and finds inspiration in the valley's beauty. Faced with the call of his past, Aarav learns to blend responsibility with creative freedom, embracing his true self.",0.063488,0.890706,0.023346,0.011386,0.028856
"In the village of Khatikheda, fourteen-year-old Meera navigates family tensions and her passion for art beneath a grand banyan tree. When an art competition offers her a chance to pursue her dreams, she grapples with loyalty to her family. Ultimately, she learns to balance ambition with love and connection.",0.077576,0.916613,0.031906,0.003866,0.058297
"In ""The Threads of Destiny,"" Anaya, a young textile designer from Jaisalmer, arrives in Varanasi seeking inspiration. Surrounded by vibrant culture and supportive friends, she faces self-doubt while preparing for an exhibition. With perseverance, she finds success and meaning, ultimately creating a legacy that celebrates her heritage and connects generations.",0.052802,0.854969,0.025591,0.010743,0.022829
"In ""The Threads of Fate,"" Meera Rao yearns to transcend her small-town life in Kashi to pursue fashion design in Delhi. Despite her mother's resistance rooted in tradition, Meera's determination leads her to earn a scholarship. As she fuses heritage with modernity, they ultimately unite their visions, weaving a new legacy.",0.225222,0.540446,0.067627,0.021189,0.025335
"In ""The Whispering Bamboo,"" Nisha Mehta seeks refuge in her grandmother's village, hoping to escape her chaotic life. There, she meets Arjun, an artist who inspires her to embrace her creativity. Torn between a promotion in Delhi and a blossoming romance, Nisha ultimately chooses love, embarking on a transformative journey.",0.149442,0.706116,0.031909,0.005439,0.013667
"In Varanasi, weaver Meera struggles to connect with her daughter Kavya, who dreams of modernity. When Kavya returns with a photographer, Meera fears losing their traditions. Creating one last sari, Meera bridges their generational divide, leading to a collaborative venture that intertwines heritage and innovation, forging a new legacy together.",0.154338,0.563943,0.114976,0.005771,0.013097
"In ""The Whispering Banyan,"" journalist Meera Patil returns to her village after her grandmother's death, confronting past choices and regrets. Guided by an enigmatic storyteller, she learns the power of love and community. Inspired, Meera chooses to stay, embracing her roots and sharing her family's legacy through local stories.",0.281723,0.65826,0.030503,0.015473,0.013219
"In Varanasi, Bholanath Rao struggles to reconcile his traditional textile business with his son Aarav's modern vision. As they navigate generational differences, they create “Fusion Weaves,” blending heritage with contemporary design. Together, they build a vibrant community, weaving a future that honors their past while embracing change.",0.091884,0.8304,0.043029,0.010285,0.025281
"In the village of Chikmagalur, young Arjun grapples with familial expectations amidst monsoon turmoil. Torn between tradition and modernity, he discovers wisdom in nature and reconnects with ancestral farming practices. As storms bring both fear and hope, Arjun learns resilience, embracing change to restore his family's legacy and community spirit.",0.282839,0.332117,0.100317,0.015223,0.018508
"In Keshavpur, master weaver Suman Rao mentors aspiring artist Aarav while nurturing her daughter Anaya's dreams of becoming a doctor. As Anaya secures a city scholarship, both Suman and Aarav confront the bittersweet nature of change. Together, they weave a rich tapestry of love, connection, and destiny.",0.057149,0.950214,0.020931,0.012598,0.03198
"In **The Last Train to Rameshwaram**, Madhu, a disillusioned railway ticket collector, escapes to Rameshwaram seeking clarity. There, he meets Aditi, an artist who inspires him to pursue his forgotten dreams. Together, they explore the town, igniting a transformative journey of self-discovery and love, shaping Madhu's new path in life.",0.134617,0.838964,0.036907,0.007907,0.040112
"In *The Silence of the Monsoon*, Riya returns to her hometown of Chikmagalur after five years in Bangalore, rekindling memories and relationships. Amidst the lush coffee plantations, she reconnects with childhood friend Arjun. Together, they dream up a café that merges their past and future, celebrating love and community.",0.387515,0.655555,0.013211,0.00693,0.01259
"In ""The Last Train to Dhanbad,"" Riya embarks on a transformative journey to pursue her teaching dreams. On the Dhanbad Express, she meets Ravi, an engineer grappling with family pressure to marry. As their bond deepens, they confront societal expectations, ultimately choosing love and a new life together, embracing uncertainty.",0.160005,0.816429,0.029441,0.023153,0.0113
"In *The Threads of Fate*, Aditi, a Mumbai textile designer, journeys to Jaisalmer for inspiration. Immersed in the vibrant culture, she learns traditional weaving from master artisan Bhola. As Diwali festivities unfold, Aditi discovers her true calling, ultimately choosing to stay in Jaisalmer and weave her new life into its rich tapestry.",0.056571,0.876295,0.021866,0.027734,0.027734
"In ""The Winds of Change,"" seventeen-year-old Anaya Vyas grapples with her impending arranged marriage in Jaipur. Longing for freedom and self-discovery, she attends a writing workshop in Udaipur, forging a bond with fellow writer Ravi. Ultimately, Anaya defies tradition, choosing her own path and inspiring others to embrace their journeys.",0.090544,0.579809,0.018494,0.03257,0.02848
"In the Himalayan village of Pithoragarh, sixteen-year-old Meera embarks on a quest to uncover the truth about her mother, Riya, who vanished years ago. Guided by whispers of the wind and the mystical weeping tree, Meera discovers her mother in the hidden valley of Akarsh, leading to a heartfelt reunion and choices that intertwine their destinies.",0.273113,0.630898,0.048138,0.008316,0.006086
"In *The Last Train to Sagar*, artist Tania returns to her village for her grandmother's birthday and wrestles with her longing for the city. Amidst a celebratory train ride to Aurangabad, unexpected events forge deep connections with fellow passengers Ramnath and Mira, leading Tania to embrace new beginnings and the beauty of her roots.",0.140051,0.732369,0.010233,0.005447,0.015044
"In Suryapur, Aditi faces a poignant choice between pursuing her dreams of studying literature in Delhi and caring for her ailing family. As she navigates the vibrant Navratri festival, Aditi learns to balance ambition with love, ultimately embracing her journey and returning home to inspire others with her success.",0.173362,0.815051,0.028584,0.003212,0.007636
"In **The Threads of Time**, Meera, a struggling artist in Varanasi, uncovers her family's rich heritage through a locket and her grandmother's kantha quilt. Inspired by the stories of resilient women in her lineage, she creates art to honor their legacy, ultimately weaving together past and present in a powerful anthology.",0.117126,0.697158,0.025685,0.004951,0.012711
"**Plot Summary:**

In the serene village of Tirthan, Anika Sharma dreams of adventure beyond her traditional upbringing. Encouraged by the spirited Raj, she defies her grandmother’s expectations and embarks on a journey to Delhi. There, she discovers her passion for storytelling, ultimately becoming a celebrated author who inspires others to pursue their dreams.",0.090051,0.710945,0.136295,0.02167,0.018809
"In ""The Monsoon's Embrace,"" journalist Anika Rao returns to her hometown of Chikmagalur, seeking solace after city life. Discovering her grandmother's journal, she uncovers a hidden love story linked to India's independence. Inspired, Anika writes a book celebrating women's resilience, weaving past and present during a transformative monsoon festival.",0.143812,0.692427,0.016421,0.009284,0.011158
"In ""The Last Train to Kalapathar,"" Riya returns to her grandmother’s village, facing the threat of modernization. Inspired by a chance encounter with an elderly man, she launches a festival to celebrate and preserve Kalapathar's charm. Through community effort, she rekindles its spirit, ensuring its legacy endures for future generations.",0.349901,0.650893,0.062032,0.021405,0.019889
"In **""The Colors of Life,""** Aanya returns to her ancestral village of Bhairavpur after a decade, torn between her city life and cherished memories. Reuniting with her grandmother and childhood friend Arjun, she confronts her past and discovers a path of healing and belonging, ultimately choosing to embrace both worlds.",0.32584,0.467264,0.01243,0.004471,0.004752
"In ""The Last Monsoon of Gaya,"" journalist Aditi returns to her ancestral home after her grandmother's death, uncovering a trove of family secrets. Through a hidden journal and a lost letter, she unravels a forbidden romance and a town's dark history, ultimately igniting hope for reconciliation and renewal within the community.",0.455809,0.122973,0.080538,0.011453,0.025155
"In ""The Blossom of Truth,"" Rohan returns to his village, Bhagatpur, after years in Mumbai, seeking purpose. Amidst plans for industrial development threatening their heritage, he rallies the community for sustainable solutions. With childhood friend Meera by his side, they confront challenges, ultimately uniting the village to protect their roots and identity.",0.358791,0.556715,0.055515,0.011695,0.015426
"In Varanasi, Aditi, a young weaver, dreams of adventure beyond her family's heritage. After meeting traveler Arjun, they embark on a journey across India, blending their art and stories. Torn between family obligations and personal aspirations, Aditi learns to weave her destiny, crafting a vibrant tapestry of life experiences.",0.103584,0.922211,0.176395,0.008745,0.01902
"In a vibrant Kerala village, fourteen-year-old Nila dreams of dancing at the annual festival beneath the majestic banyan tree. Despite skepticism from some villagers, she practices tirelessly, inspired by local legends. On festival night, her performance captivates the audience, transforming perceptions and igniting hope, as the banyan’s legacy thrives through her.",0.107783,0.845451,0.051687,0.00766,0.012217
"In ""The Threads of Time,"" Aditi Sharma, a young weaver in Varanasi, yearns to break free from familial expectations. Reuniting with childhood friend Rohan, a filmmaker, she gains courage to showcase her art. Together, they navigate love, ambition, and the vibrant tapestry of their intertwined destinies, embracing a future filled with possibility.",0.083147,0.821408,0.023624,0.00712,0.023514
"In the village of Chamunda, 15-year-old Avni, inspired by her grandmother's stories beneath the ancient banyan tree, leads her community in a battle against a factory threatening their land. As they unite to protect their home, they discover resilience, legacy, and the power of collective strength against looming change.",0.120738,0.393777,0.33094,0.003416,0.015495
"In the coastal village of Malgudi, eighteen-year-old Maya grapples with her dreams of becoming an artist and her responsibilities to her grandmother, Aaji. When a group of traveling artists inspires her, Maya must find a balance between honoring family traditions and pursuing her passion, ultimately creating a bridge between the two worlds.",0.266227,0.672492,0.014545,0.001825,0.017204
"In ""The Monsoon Diaries,"" Riya returns to her hometown of Dhanpur amidst the monsoon rains, confronting her past and reconnecting with family and friends. As she grapples with her purpose, she discovers a passion for storytelling, ultimately choosing to embrace her roots and share the beauty of her village with the world.",0.347961,0.618427,0.034799,0.008571,0.007865
"In Chikmagalur, coffee planter Ravi grapples with grief and family expectations after his father's death. The arrival of the monsoon brings memories and a chance encounter with spirited Meera, sparking forbidden love. Together, they confront tradition and seek their own happiness, battling societal norms to forge a new future amidst vibrant landscapes.",0.420426,0.495454,0.030305,0.01095,0.010736
"**Plot Summary:**

Ananya Rao returns to her childhood village of Chandpur after years in Mumbai. Amidst the monsoon rains, she reconnects with her roots, family, and childhood friend Aarav. Discovering her grandmother’s past love, Ananya resolves to blend tradition with modernity, envisioning a future that honors her heritage while forging her own path.",0.291513,0.54771,0.13866,0.014389,0.016931
"In ""The Last Train to Kanyakumari,"" Arjun Narayanan, a weary tea shop owner, receives an invitation to a childhood friend's wedding, reigniting his long-buried dreams. As he reconnects with Nisha in their vibrant hometown, he begins to balance responsibility with aspiration, setting the stage for a transformative journey toward self-discovery and love.",0.122439,0.686403,0.0166,0.008325,0.025662
"In ""The Last Monsoon,"" Riya returns to her childhood home in Kharagpur, rekindling memories and friendships during the vibrant monsoon season. As she reconnects with childhood friend Aarav, she grapples with a career opportunity in Mumbai. Ultimately, Riya learns to embrace both her dreams and cherished relationships.",0.319346,0.60175,0.028753,0.010937,0.007606
"In ""Shadows of the Monsoon,"" Meera returns to her ancestral village, Chiragpur, as the monsoon arrives, only to find it threatened by corporate encroachment. Inspired by her childhood dreams, she rallies the villagers to resist, using her voice to unite them in preserving their heritage against modernity, igniting a movement for change.",0.261469,0.536373,0.156559,0.005598,0.015924
"In the village of Gadiya, fourteen-year-old Aditi, a budding weaver, yearns for adventure beyond her home. A chance meeting with a mysterious traveler, Vikram, sparks her desire to explore the world. As she embarks on a transformative journey, Aditi discovers her strength, intertwining her storytelling with her craft, ultimately returning to share her newfound wisdom with her community.",0.07515,0.872336,0.036344,0.01277,0.017726
"In ""The Monsoon Pact,"" Riya returns to her childhood coastal town of Vellore, seeking solace after a breakup. Reuniting with childhood friend Ananya, she meets artist Vikram. They form a deep connection and make a pact to reunite in a year, igniting hope, dreams, and the magic of the monsoon.",0.387755,0.69453,0.048679,0.005415,0.0102
"In ""The Colors of Monsoon,"" Meera returns to her Bihar village after studying Fine Arts, torn between familial responsibilities and her artistic dreams. During the monsoon festival, she reconnects with childhood friend Aarav, igniting their shared passions. As they create art together, Meera faces the choice of pursuing her aspirations while honoring her roots.",0.26462,0.571377,0.034005,0.01047,0.021946
"In Varanasi, widow Meera weaves vibrant sarees, channeling her grief for her late husband into art while raising her son Ayaan. When a merchant offers to help her business, she feels both tempted and uneasy. Ultimately, she chooses independence, crafting her own destiny and weaving a legacy of strength and love.",0.111764,0.530136,0.046215,0.017064,0.061159
"**Plot Summary:**

In ""The Last Train to Varanasi,"" Neeta, a vibrant young woman, departs her small town for a scholarship in Hindi literature. Her father, Mohan, grapples with pride and fear as she embraces independence. In Varanasi, she discovers friendships, inspiration, and her voice, ultimately embarking on a transformative journey of self-discovery through writing.",0.124046,0.567472,0.182602,0.018519,0.033756
"In ""The Threads of Fate,"" Aarti Desai embarks on her first day at Delhi University, eager yet anxious to embrace a world beyond her small-town roots. As she navigates friendship, love, and academic pressures, she learns that while fate may intertwine their paths, it’s their choices that shape their futures.",0.072496,0.557797,0.097826,0.008414,0.004624
"In *The Color of Ashes*, Arjun returns to his childhood village, Mangalpur, after a decade in Mumbai, torn between memories and aspirations. Rekindling his bond with childhood love Meera amid the Diwali festivities, he faces a choice between pursuing dreams in the city or embracing the warmth and simplicity of home.",0.174823,0.688916,0.013025,0.005234,0.006002
"In Jaipur, artist Aditi Sharma struggles between familial expectations and her passion for weaving vibrant tapestries. After meeting inspiring artist Arjun Mehta, she confronts her parents about her dreams of exploration. Embracing love and individuality, Aditi crafts a new life, merging tradition with modernity, and finding her artistic voice.",0.101842,0.689456,0.019387,0.008333,0.018845
"In **The Ganges Whisper**, Anaya, a history student in Varanasi, seeks to uncover her family’s forgotten stories, guided by her grandmother's tales. Alongside Rohan, she explores ancient temples and the Ganges, ultimately confronting her ancestral legacy. Their journey reveals the river's power to connect past and present through storytelling.",0.459745,0.512746,0.036728,0.006312,0.022754
"In ""The Colors of Tomorrow,"" Geeta returns to her ancestral home in Chitra after her parents' passing, seeking answers about their mysterious past. Discovering letters linking her family to an enigmatic painter named Raghav, she embarks on a quest that leads to revitalizing her parents’ dream through a transformative art workshop, uniting the community and uncovering her own purpose.",0.214831,0.5842,0.030531,0.014891,0.013541
"Anjali Sharma returns to Varanasi after ten years, seeking solace and understanding from her past. As she reconnects with old friends, explores her roots, and confronts unresolved family issues, she discovers healing through meditation, art, and the wisdom of her late grandmother’s letter, ultimately finding her true self and belonging.",0.399306,0.59454,0.038309,0.003896,0.014568
"In ""The Threads of Tomorrow,"" journalist Aanya Sharma returns to Varanasi to uncover her family's hidden past. Driven by a tale of love and loss surrounding her great-grandfather Arjun and his beloved Meera, Aanya's quest leads her to unexpected truths. Through storytelling, she weaves connections between generations, discovering her own identity.",0.52866,0.394372,0.021965,0.021999,0.019617
"**Plot Summary:**  
In *The Last Letter*, Aditi returns to her ancestral village after her grandmother's death and discovers a stack of heartfelt letters addressed to a man named Vikram. Intrigued by her grandmother's hidden love story, Aditi embarks on a journey to find Vikram, uncovering her grandmother's sacrifices and her own identity along the way.",0.267744,0.225056,0.186103,0.017477,0.022685
"In the vibrant town of Kashi, young weaver Aryan Sharma dreams of showcasing his craft beyond his family's workshop. Encouraged by spirited Meera, he creates a mesmerizing tapestry for a fair in Varanasi. As success beckons, Aryan learns that true artistry lies in weaving heartfelt stories that connect lives.",0.059001,0.873881,0.021748,0.018621,0.016898
"In ""The Silent Symphony,"" Rhea Kapoor returns to her childhood village after losing her grandmother, seeking solace and self-discovery. There, she reconnects with her artistic roots and forms a bond with Aarav, a local musician. Together, they embrace the magic of the village, culminating in a vibrant Diwali celebration and a new beginning.",0.149293,0.836335,0.019646,0.005367,0.018866
"In the coastal village of Malhar, Raghav, an aspiring fisherman, feels a deep yearning for adventure. After meeting a mysterious traveler, he leaves home to explore the world, where he finds love in Aditi and faces the ocean's challenges. Ultimately, he returns transformed, bridging his past and future.",0.176829,0.618276,0.046261,0.008286,0.046247
"In ""The Threads of Destiny,"" Aditi returns to Varanasi after college, grappling with familial expectations and the shadow of her late father's storytelling legacy. Inspired by the city's vibrant life and her budding relationship with photographer Varun, she finds her voice, weaving her father's tales into her own narrative and embracing her destiny.",0.073724,0.671247,0.022557,0.008951,0.022426
"In ""The Threads of Fate,"" Meera returns to Varanasi after years abroad, seeking to reconnect with her roots and reignite her artistic spirit. Amidst the beauty of the Ganges, she meets Ravi, a local boatman. As their bond deepens, Meera faces a choice between pursuing her dreams and embracing her newfound love.",0.332496,0.623715,0.013659,0.016341,0.012695
"In the picturesque town of Kalapathar, Aditi Mehra battles familial expectations to forge her own destiny. Inspired by Vikram Rana, she champions women's education amidst societal resistance. Their bond strengthens through shared dreams, sparking a movement that empowers the community, ultimately transforming tradition into a tapestry of hope and resilience.",0.082905,0.779104,0.021593,0.016162,0.018379
"In ""The Weight of Dreams,"" sixteen-year-old Anika visits her grandmother in Matheran, escaping Mumbai's chaos. There, she meets Rohan, an artist who inspires her to embrace her true self. As their bond deepens, Anika grapples with her future. Ultimately, she learns to honor her dreams while navigating life's expectations.",0.133926,0.656576,0.034638,0.019277,0.036155
"In the village of Kedar, artist Riya meets traveler Arjun during the vibrant Mela. As their bond deepens, Arjun reveals he must leave for a project, but they promise to chase their dreams. Amid uncertainty, they forge a connection that transcends distance, weaving their destinies together through love and art.",0.074,0.836263,0.04423,0.010227,0.013388
"In the enchanting town of Kashi, Anaya's dreams of adventure ignite when a traveler named Dev shares tales of the lost city of Vijayanagara. Together, they embark on a daring quest to uncover its secrets, discovering that true treasure lies in the stories of the past and the wisdom they hold.",0.114518,0.498785,0.143984,0.006096,0.025181
"In ""Whispers of the Banyan Tree,"" Riya returns to her childhood village of Banswara after her grandmother's passing. Rekindling connections with her roots and childhood friend Aakash, she embraces storytelling and community arts, ultimately realizing that home is not just a place but a blend of memories and dreams, enriching her life.",0.267009,0.674325,0.017349,0.007169,0.009061
"In ""The Last Train to Kashi,"" Arjun, a disillusioned history professor, embarks on an unexpected journey to Kashi, prompted by his childhood friend Meera. Amidst the vibrant chaos of the city, he rediscovers his father's teachings, finds inspiration in its stories, and embraces his calling as a storyteller.",0.105053,0.67125,0.020196,0.02598,0.040877
"In ""The Threads of Time,"" Suman returns to her ancestral village, Chhota Khera, after a decade, rekindling bonds with childhood friend Raju and her ailing grandmother, Dadi. Together, they search for hidden treasure but uncover letters revealing their family's legacy. Inspired, Suman revitalizes the village by sharing its rich history.",0.237831,0.709856,0.030138,0.012962,0.012299
"In ""The Last Train to Kashi,"" Riya Sharma journeys to Kashi, following her late grandmother's invitation to uncover her family's legacy. As she immerses herself in the city's rich history and rituals, she discovers profound connections to her ancestors. Embracing her newfound identity, Riya vows to share their stories with the world.",0.232823,0.655406,0.035803,0.023215,0.043308
"In Chandpur, journalist Priya Mehta returns for her mother's funeral, haunted by childhood memories and tales of a mystical banyan tree. Intrigued by local legends of love and loss, she uncovers the tragic romance of Raghav and Leela. By honoring their story, she rekindles community bonds and finds her purpose.",0.33737,0.40565,0.031123,0.008765,0.013857
"In ""Shadows of the Banyan Tree,"" Anaya returns to her village after ten years in Mumbai, grappling with her identity and newfound experiences. Reuniting with childhood friends and confronting her feelings for Rohan, she ultimately chooses to blend her city ambitions with her village roots, creating a vibrant community hub.",0.35371,0.627232,0.035833,0.015019,0.009533
"**Plot Summary (50 words):**  
Arjun Verma returns to Fatepur after a decade, seeking inspiration for his writing. Reconnecting with childhood friends and memories, he discovers the town's vibrant culture and meets Meera, a kindred spirit. As he navigates societal pressures and personal aspirations, he learns to weave his journey into an impactful story.",0.126861,0.742043,0.061334,0.021562,0.01587
"In ""Chasing Shadows,"" Aditi Sharma, a village girl bound by family expectations, encounters traveler Aryan, who inspires her to pursue her dreams. As they explore Vasantpur together, Aditi grapples with her responsibilities and the allure of adventure. Ultimately, she chooses to embrace new beginnings and chase her dreams.",0.082776,0.867204,0.045638,0.009967,0.011069
"In **The Whispering Shadows of Pahalgam**, Aanya, a young journalist, returns to her grandmother's homeland, uncovering the tragic love story of Amira and Zaid, lost to family feuds. As Aanya learns the valley's secrets, she unites the community, healing old wounds through shared stories of love, loss, and hope.",0.34108,0.241851,0.023232,0.006884,0.013594
"In ""The Threads of Tomorrow,"" eighteen-year-old Kavya aspires to uplift her struggling village through her weaving skills. Encountering the charismatic Aarav at a local festival, she contemplates leaving for the city to sell her fabrics. Balancing dreams and family, she embarks on a journey that transforms her life and community.",0.268118,0.676951,0.02206,0.013266,0.02476
"In the village of Chhoti Kali, a mystical banyan tree holds the stories and wisdom of generations. Young Meera, curious and eager, learns from her grandmother about the tree's history and the dangers of forgetting traditions. After a vision from her great-grandmother, Meera inspires her friends to celebrate their heritage, uniting the village through the power of storytelling and tradition.",0.115016,0.711804,0.065005,0.008926,0.008313
"In ""The Last Train to Mandu,"" aspiring historian Meera escapes Mumbai's chaos for the serene beauty of Mandu. Seeking inspiration from a tragic love story, she finds clarity and connection with local artist Arjun. As she transforms through her journey, Meera learns to embrace her true self and future.",0.109914,0.873481,0.022644,0.017608,0.029118
"**Plot Summary:**

In ""The Last Train to Gaya,"" Ananya Rao, mourning her father's death, seeks solace in a bookstore where she discovers a travelogue. Inspired, she embarks on a train journey to Gaya, where she meets Arjun, a photographer. Together, they explore life, love, and self-discovery, leading Ananya to redefine her future.",0.212295,0.567434,0.122858,0.011742,0.028845
"In ""The Last Train to Varanasi,"" Anjali Chaudhary bids farewell to her family in Kolkata, embarking on a transformative journey to pursue her dreams at university. Amidst the excitement and anxiety of change, she meets Aarav, who helps ease her fears. As Anjali navigates her new life, she discovers courage, friendship, and a deeper connection to herself and her roots.",0.111857,0.658399,0.184239,0.003588,0.008929
"In ""Monsoon Melodies,"" Aditi, a budding artist in the village of Kanyapur, navigates grief after her mother's death, finding solace and inspiration in the vibrant monsoon season. Through art, family bonds, and newfound friendships, she transforms sorrow into celebration, honoring her mother's spirit while embracing life's beauty and resilience.",0.161011,0.819846,0.021255,0.004871,0.00691
"In ""The Monsoon Diaries,"" Aditi Sharma returns to her childhood town of Mandla for her grandmother's funeral, unearthing a trunk filled with letters and memories. As she explores her family's history, she finds inspiration to write a memoir, reconnecting with her roots and embracing a new beginning amidst the monsoon rain.",0.257673,0.557968,0.032091,0.009751,0.005786
"In ""The Whispering Banyan,"" Zara returns to her childhood village of Amrapur to settle her grandmother's affairs. As she uncovers secrets from her grandmother's past, including a lost love named Vikram, she embarks on a journey to explore unfulfilled connections, ultimately finding healing and understanding of love's complexities that shape her own future.",0.137998,0.659849,0.025317,0.012308,0.009589
"In ""The Colors of Monsoon,"" Meera returns to her village, Sangam, after years in the city, grappling with family expectations and her identity. Amidst the vibrant monsoon, she reconnects with her roots and forms a bond with artist Arjun. Together, they inspire a creative renaissance, blending tradition with modernity.",0.378252,0.618257,0.025474,0.011858,0.016712
Averages,0.21,0.64,0.05,0.01,0.02
