Story_ID,Summaries,Prompt,Model,Date
GL_1,"**Plot Summary:**

In ""The Last Green of Greenland,"" seasoned glaciologist Klaus Eriksen discovers an ancient figurine in a melting glacier that symbolizes harmony with nature. Despite skepticism from his colleagues, Klaus embarks on an expedition to uncover the Guardian’s wisdom, ultimately awakening a movement to protect Greenland's fragile ecosystems and inspire global change.",Write a 50 word plot summary of this story: [STORY],gpt-4o-mini,14-02-2025
GL_2,"In 2150, Greenland transforms into a lush paradise after climate change reveals ancient forests. Young Inuit woman Kaija discovers an old satellite dish, igniting her quest to reconnect with the world. Alongside friends, she rescues a stranded crew, balancing technology with ancestral wisdom, and discovers humanity's unbreakable bonds with nature.",Write a 50 word plot summary of this story: [STORY],gpt-4o-mini,14-02-2025
GL_3,"In the Arctic village of Qaanaaq, twelve-year-old Aana embarks on a quest to rediscover a lost ancestral song during the Great Gathering celebration. Guided by her grandmother's tales, she journeys through the icy wilderness, ultimately awakening a powerful spirit. Together, they inspire the villagers to restore harmony with their land through song, ensuring their culture endures.",Write a 50 word plot summary of this story: [STORY],gpt-4o-mini,14-02-2025
GL_4,"In **The Last Icebound**, Dr. Anya Løkke discovers a mysterious, alien vessel beneath Greenland's melting ice. Contact with it leads her to a vibrant, ancient civilization, revealing their struggle for survival amidst climate change. Anya learns that understanding this legacy is key to preserving the planet’s future, sparking a global movement for ecological harmony.",Write a 50 word plot summary of this story: [STORY],gpt-4o-mini,14-02-2025
GL_5,"In 2147, as Greenland emerges from climate devastation, Arna discovers an ancient stone structure revealing a glowing ember linked to a lost civilization. Joined by a team, she embarks on a quest to protect the ember from industrialists seeking to exploit it. Ultimately, they harness its power to restore balance with nature.",Write a 50 word plot summary of this story: [STORY],gpt-4o-mini,14-02-2025
GL_6,"In 2045 Greenland, climatologist Ava Larkin uncovers a mummified body and artifacts from an ancient Norse settlement, prompting her to explore the land's secrets. As she discovers a mysterious pendant, it reveals haunting memories of a catastrophic past. Faced with a choice, Ava decides to protect the heritage, advocating for environmental stewardship and a sustainable future.",Write a 50 word plot summary of this story: [STORY],gpt-4o-mini,14-02-2025
GL_7,"In the Arctic settlement of Qaanaaq, Elin feels the profound impact of climate change on her land. Guided by a guardian spirit, she embarks on a quest to find three sacred stones that can restore balance between humanity and nature. Together with her friend Mikkel, they face trials to save their home.",Write a 50 word plot summary of this story: [STORY],gpt-4o-mini,14-02-2025
GL_8,"In 2045, geologist Evelyn Ransome joins an expedition in Greenland to uncover rare minerals from melting ice. As the team drills, they awaken ancient secrets and experience strange occurrences. Following unsettling dreams, Evelyn realizes they must respect the land. Ultimately, she restores harmony, transforming the mission into one of preservation.",Write a 50 word plot summary of this story: [STORY],gpt-4o-mini,14-02-2025
GL_9,"In the remote village of Qeqertarsuaq, young Lena yearns for adventure. Drawn by a mysterious portal, she enters a vibrant realm where she learns to restore balance between worlds. Facing trials and dark forces, Lena collects four keys symbolizing wisdom, compassion, courage, and connection, ultimately returning home to share her transformative journey.",Write a 50 word plot summary of this story: [STORY],gpt-4o-mini,14-02-2025
GL_10,"In ""The Last Greenlander,"" Elias, the last keeper of Greenland's ancient culture, faces the encroachment of modernity as his village dwindles. After encountering a spirit of the land, he rallies the remaining villagers to revive their traditions and unite with outsiders to combat climate change, forging a hopeful future.",Write a 50 word plot summary of this story: [STORY],gpt-4o-mini,14-02-2025
GL_11,"In the 22nd century, amidst climate chaos, Dr. Freya Nilsen leads Project Aurora in Greenland, uncovering a mysterious crystal that connects her to her Inuit ancestors. As she navigates visions of their past, Freya questions humanity's exploitation of the land, ultimately advocating for stewardship and collaboration to honor their heritage and secure a sustainable future.",Write a 50 word plot summary of this story: [STORY],gpt-4o-mini,14-02-2025
GL_12,"In ""The Heart of the Ice,"" aspiring scientist Elara Jensen answers her childhood friend Mikkel’s urgent call to investigate a mysterious pendant found in Greenland's ice. Guided by ancient spirits, they embark on a transformative quest to restore balance to the melting Arctic, unearthing their connection to the land and its legacy.",Write a 50 word plot summary of this story: [STORY],gpt-4o-mini,14-02-2025
GL_13,"In 2045, glaciologist Anja Nilsen explores melting Greenland ice sheets with colleague Lars, raising awareness of climate change. Their expedition turns perilous when a massive ice fissure opens, injuring Lars. As they battle the elements and seek rescue, Anja resolves to document the collapse and fight for their home’s future.",Write a 50 word plot summary of this story: [STORY],gpt-4o-mini,14-02-2025
GL_14,"In 2045, geologist Astrid Jensen leads a team in Greenland to investigate a rapidly melting glacier threatened by mining companies. As they document environmental destruction, they discover ancient microorganisms, racing against time to stop exploitation. Their efforts spark global outrage, uniting the community to protect Greenland’s fragile landscape against climate change.",Write a 50 word plot summary of this story: [STORY],gpt-4o-mini,14-02-2025
GL_15,"In ""Echoes of the Ice,"" Astrid, a resilient woman from the Greenlandic village of Narsaq, experiences strange occurrences tied to the spirits of the ice. Joined by villagers and Elder Magnus, she embarks on a journey into a glacier, seeking guidance. Their connection to nature is restored, revitalizing the community and ensuring their legacy.",Write a 50 word plot summary of this story: [STORY],gpt-4o-mini,14-02-2025
GL_16,"In a transformed 22nd-century Greenland, anthropologist Lena Asbjornsen uncovers ancient secrets embedded in melting ice. As she connects with the spirit of a sacrificed woman from the past, Lena orchestrates a ceremony to honor her legacy. This revelation teaches humanity the importance of balancing nature and preserving history for future generations.",Write a 50 word plot summary of this story: [STORY],gpt-4o-mini,14-02-2025
GL_17,"In a melting Greenland, Lise, the last of her family, meets Erik, a passionate traveler documenting climate change. Their bond deepens as they explore the ice sheets and confront the impending crisis. Together, they rally their village and the world to fight for their home, igniting hope amid despair.",Write a 50 word plot summary of this story: [STORY],gpt-4o-mini,14-02-2025
GL_18,"In 2055, Greenland faces devastation from climate change as ice melts, revealing valuable resources. Aleqa, a local hunter, partners with scientist Clara to confront corporate exploitation. Together, they rally the community to advocate for land protection, securing a sustainable future that honors indigenous traditions while navigating a world in crisis.",Write a 50 word plot summary of this story: [STORY],gpt-4o-mini,14-02-2025
GL_19,"In ""The Last Light of Greenland,"" Aputi, a young Inuit hunter, witnesses the alarming effects of climate change on her village. Urged by ancestral spirits, she leads her community on a journey to reconnect with their traditions and restore balance to their land, igniting hope and sustainable practices for future generations.",Write a 50 word plot summary of this story: [STORY],gpt-4o-mini,14-02-2025
GL_20,"In the Arctic town of Ilulissat, archaeologist Nora uncovers a faded map leading to ancient Kalaallit stories beneath the ice. Guided by a shaman, she undergoes trials to connect with her heritage. A festival she organizes celebrates these tales, igniting community spirit and preserving the legacy of her ancestors for future generations.",Write a 50 word plot summary of this story: [STORY],gpt-4o-mini,14-02-2025
GL_21,"In 2143, Greenland flourishes post-climate change, revealing ancient artifacts warning of ecological disaster. Environmental scientist Elena Markussen uncovers these relics, linking past civilizations' downfall to current practices. As corporate interests threaten their progress, Elena rallies people for environmental reform, igniting hope and unity against exploitation and forging a sustainable future.",Write a 50 word plot summary of this story: [STORY],gpt-4o-mini,14-02-2025
GL_22,"In 2045 Greenland, scientist Ava Sørensen and the Kalaallit Inuit elder Nuka collaborate to document the rapid melting of glaciers and the cultural heritage exposed by climate change. As they battle a powerful corporation, Arctech, for environmental justice, their alliance sparks a global movement advocating for sustainability and indigenous wisdom.",Write a 50 word plot summary of this story: [STORY],gpt-4o-mini,14-02-2025
GL_23,"In the isolated village of Qeqertarsuaq, Elin Stender discovers a mysterious iceberg containing a glowing stone that reveals visions of climate change's devastating impact. Urged by ancestral spirits, she rallies her skeptical community to adapt for survival. Amid rising storms, they unite to protect their heritage and future.",Write a 50 word plot summary of this story: [STORY],gpt-4o-mini,14-02-2025
GL_24,"In *The Last Iceberg*, scientist Marit Jensen journeys to Greenland to study climate change effects on glaciers. As icebergs mysteriously shift, she experiences a spiritual awakening linked to ancient Ice Giants. Confronting her team’s skepticism, Marit advocates for a blend of science and indigenous wisdom to protect their fragile world from impending doom.",Write a 50 word plot summary of this story: [STORY],gpt-4o-mini,14-02-2025
GL_25,"In ""The Last Ice,"" climate scientist Erik Nielsen uncovers ancient artifacts and a prophetic Guardian beneath Greenland's melting glaciers. Awakening the Guardian, he learns of the urgent need to unite the community against climate change. Together, they advocate for action, turning past lessons into a hopeful future for their fragile world.",Write a 50 word plot summary of this story: [STORY],gpt-4o-mini,14-02-2025
GL_26,"In ""The Last Light of Greenland,"" fifteen-year-old Aisa discovers a mystical crystal in an ice cave, revealing her ancestors' stories and a call to reconnect with nature amidst climate change. As she leads her village to adapt, they unite to protect their heritage, igniting hope and resilience in a shifting world.",Write a 50 word plot summary of this story: [STORY],gpt-4o-mini,14-02-2025
GL_27,"In 2045, glaciologist Sofia Jorgensen discovers ancient secrets beneath Greenland's melting glaciers, revealing a fragile ecosystem. As seismic activity threatens the ice, Sofia and her diverse team uncover a pulsating formation that awakens the spirits of the glacier. They become advocates for environmental balance, sharing the glaciers’ urgent call for protection.",Write a 50 word plot summary of this story: [STORY],gpt-4o-mini,14-02-2025
GL_28,"In 2050, as Greenland's glaciers melt, Dr. Elinor Sutherland grapples with the clash between environmental respect and resource exploitation. Entrepreneur Kasper Jørgensen seeks profit, while Inuit Elder Aputi warns of ancestral consequences. Journalist Nina Kallikak uncovers their intertwined stories, leading to a community united in preserving their heritage against greed.",Write a 50 word plot summary of this story: [STORY],gpt-4o-mini,14-02-2025
GL_29,"In 2145, as climate change reshapes the Earth, scientist Arja Jensen discovers ancient artifacts in Greenland's melting ice. Driven by an inexplicable connection, she uncovers a map leading to a lost civilization. Guided by spirits, Arja vows to protect their legacy, advocating for environmental preservation and intertwining past and present.",Write a 50 word plot summary of this story: [STORY],gpt-4o-mini,14-02-2025
GL_30,"In 2145, a young woman named Kaia leads her tribe, the last Greenlanders, in a battle against a corporate entity seeking to exploit their transformed homeland. As she unites various tribes to protect their land, they navigate resistance and forge alliances, ultimately securing a sustainable future through dialogue and cooperation.",Write a 50 word plot summary of this story: [STORY],gpt-4o-mini,14-02-2025
GL_31,"In ""The Last Whisper of Greenland,"" anthropologist Mikael travels to a Greenlandic village to document the stories of its indigenous people, facing the impact of climate change on their culture. Guided by elder Anana, he uncovers resilience through shared narratives, culminating in a powerful presentation that inspires global awareness and support.",Write a 50 word plot summary of this story: [STORY],gpt-4o-mini,14-02-2025
GL_32,"In 2135 Greenland, environmental scientist Mira Halvorsen discovers a preserved Viking ship beneath the ice, revealing connections to an ancient world. Driven by curiosity, she leads a dangerous expedition to the mysterious island of Frostholm, uncovering its secrets while facing nature’s wrath. Mira emerges as a vital guardian of history.",Write a 50 word plot summary of this story: [STORY],gpt-4o-mini,14-02-2025
GL_33,"In ""The Last Frontier,"" ecologist Marcus Wren and his team journey to Greenland to study melting ice caps and their impact on wildlife. Amidst breathtaking landscapes, they witness a polar bear struggle for survival. A subsequent cave discovery reveals ancient secrets and new ecosystems, igniting hope for nature's resilience against climate change.",Write a 50 word plot summary of this story: [STORY],gpt-4o-mini,14-02-2025
GL_34,"In ""The Last Whisper of Ice,"" young Sila embarks on a journey through Greenland's icy wilderness after experiencing a prophetic dream. Guided by ancient voices, she discovers a cavern filled with secrets and faces a dark force threatening her homeland. With friends by her side, Sila strives to restore balance and harmony.",Write a 50 word plot summary of this story: [STORY],gpt-4o-mini,14-02-2025
GL_35,"In *The Last Horizon*, Dr. Elara Jensen and her team at Elysium Base uncover a disturbing reality beneath Greenland's melting ice: a geothermal vent threatening their climate research. As they race against time to document their findings, they inspire global action to confront the escalating threats of climate change and environmental degradation.",Write a 50 word plot summary of this story: [STORY],gpt-4o-mini,14-02-2025
GL_36,"In ""The Last Light of Greenland,"" environmental scientist Sofia Jensen returns to her hometown, Narsaq, to confront the devastating effects of climate change. As her community faces a dilemma between preserving their land and succumbing to a mining company’s promises of wealth, Sofia and her friend Jarek rally villagers to protect their heritage, igniting a fierce battle for their future.",Write a 50 word plot summary of this story: [STORY],gpt-4o-mini,14-02-2025
GL_37,"In ""Echoes of the Ice,"" geologist Erik Nilsen journeys to Greenland, driven by a fascination with Norse history and melting ice. Joined by Inuit guide Anna and skeptic Lukas, they uncover ancient carvings. As Erik encounters Aisling, a guardian spirit, he grapples with the responsibility of preserving sacred history versus academic ambition.",Write a 50 word plot summary of this story: [STORY],gpt-4o-mini,14-02-2025
GL_38,"In ""The Last Hope of Greenland,"" a diverse team of scientists uncovers a hidden ecosystem in Greenland's melting ice, revealing ancient symbols and hybrid animals. Racing against corporate drilling plans, they rally public support and partner with indigenous communities to protect the sanctuary, igniting hope in the fight against climate change.",Write a 50 word plot summary of this story: [STORY],gpt-4o-mini,14-02-2025
GL_39,"In a transformed Greenland of 2045, paleoclimatologist Dr. Elara Jensen uncovers an ancient totem that awakens spirits of the past. Guided by mystical guardians, she learns vital lessons about environmental balance. Faced with corporate threats, Elara rallies a movement to protect the land, bridging ancestral wisdom with modern innovation for a sustainable future.",Write a 50 word plot summary of this story: [STORY],gpt-4o-mini,14-02-2025
GL_40,"In 2045, as Greenland's ice melts due to climate change, biologist Elin Jensen discovers ancient, resilient plant life in a hidden ecosystem. Teaming with Dr. Magnus Haldorsson, they race against time to protect their findings from corporate exploitation, ultimately igniting a global movement for sustainable agricultural practices and environmental stewardship.",Write a 50 word plot summary of this story: [STORY],gpt-4o-mini,14-02-2025
GL_41,"In ""The Last Light of Greenland,"" young Inuit woman Aillik confronts climate change's devastating impact on her village, Narsaq. Teaming with scientist Liam, they blend traditional knowledge and modern science to unite their community. Together, they navigate storms of nature and skepticism, forging a resilient future that honors both heritage and innovation.",Write a 50 word plot summary of this story: [STORY],gpt-4o-mini,14-02-2025
GL_42,"In 2125, as climate change devastates the world, Erik and his sister Liva discover a vibrant valley in melting Greenland. Guided by Kallik, a mystical creature, they embark on a quest to revive ancient legends and restore their community’s connection to nature, battling exploitation to protect their fragile paradise.",Write a 50 word plot summary of this story: [STORY],gpt-4o-mini,14-02-2025
GL_43,"In 2145, Kira Nilsen, the last Sentinel of Greenland, battles modernity to preserve her ancestral culture amidst melting ice and forgotten histories. Guided by ancient spirits, she embarks on a journey to awaken the past, ultimately fostering a vibrant festival that merges tradition with contemporary life, ensuring her people’s stories endure.",Write a 50 word plot summary of this story: [STORY],gpt-4o-mini,14-02-2025
GL_44,"In ""The Last Whisper of Frost,"" young Aaniq discovers a magical crystal in Greenland that awakens her connection to the land and her ancestors. Guided by Tundra, a Guardian of the Ice, she embarks on a perilous journey to restore balance as the ice melts. Aaniq proves her bravery, awakening the remaining Guardians and ensuring harmony for her village and the spirits that inhabit it.",Write a 50 word plot summary of this story: [STORY],gpt-4o-mini,14-02-2025
GL_45,"In **Whispers of the Ice**, young scientist Lars Eriksen travels to Greenland seeking connection to its ancient cultures. Drawn to a sacred site, he discovers an ancient map revealing vital knowledge about the land. As he fights against a mining company, he unites modern science with Inuit wisdom, protecting their heritage.",Write a 50 word plot summary of this story: [STORY],gpt-4o-mini,14-02-2025
GL_46,"In 2045 Greenland, climate change transforms the landscape into a battleground for resource exploitation. Anana, an Inuit elder, leads her community in a fierce resistance against foreign corporations threatening their sacred land. As the ice melts, they unite to protect their heritage, igniting a global movement for environmental justice.",Write a 50 word plot summary of this story: [STORY],gpt-4o-mini,14-02-2025
GL_47,"In 2045, Greenland's melting ice reveals ancient secrets and resources, igniting geopolitical conflicts. Ailina, a young Inuit woman, feels a call to protect her land. Rallying her community, she awakens ancestral guardians, the ""last watchers,"" who unite with them against a mining corporation, reclaiming their heritage and ensuring a sustainable future.",Write a 50 word plot summary of this story: [STORY],gpt-4o-mini,14-02-2025
GL_48,"In ""The Frost-Bound Echoes,"" 16-year-old Amina discovers a mystical crystal hidden in a glacier that connects her to ancient ice spirits. As dark forces threaten her village, she unites her community to honor their heritage and protect their land. Together, they confront the encroaching danger, forging a new legacy.",Write a 50 word plot summary of this story: [STORY],gpt-4o-mini,14-02-2025
GL_49,"In ""The Last Song of Greenland,"" young Inuit hunter Mikael witnesses the glacier’s rapid melting, threatening his community's way of life. Guided by Elder Hansuk and his sister Aana, they embark on a journey to the heart of the ice, seeking wisdom from Aglukkaq, the spirit of the glacier, to adapt and preserve their heritage.",Write a 50 word plot summary of this story: [STORY],gpt-4o-mini,14-02-2025
GL_50,"In Greenland, a team of scientists, led by Dr. Elara Lindholm, uncovers a mysterious fossil of a large, feathered creature. As strange occurrences unfold, Elara experiences a vision where the creature warns her of disturbing ancient secrets. Realizing the danger, they escape, choosing to keep the discovery buried beneath the ice.",Write a 50 word plot summary of this story: [STORY],gpt-4o-mini,14-02-2025
